직무,직위,질문순위,핵심단어,질문빈도,답변키워드_TOP20
AI/ML엔지니어,신입,1,경험,3,"프로젝트, 모델, 도전, 데이터, 개발, 목표, 구현, 공모전, 성능, 생각, 대회, 실패, 모델링, 역량, 방향, 기회, 적용, 시작, 프로그래밍, 공부"
AI/ML엔지니어,신입,2,역량,1,"구현, 인식, 이용, 번호판, 자동, 기술, 알고리즘, 데이터, 연구, 모델, 구축, 학습, 보드, 차량, 지원, 임베디드, 시스템, 러닝, 기반, 개발"
AI/ML엔지니어,신입,3,직무,1,"경량, 기술, 성능, 러닝, 연구, 서비스, 제공, 활용, 최적, 석사, 진행, 메모리, 알고리즘, 환경, 동반, 개발, 보유, 스킬, 정도, 처리"
AI/ML엔지니어,신입,4,자기소개,1,"데이터, 다양, 경험, 러닝, 프로젝트, 공부, 논문, 통계, 머신, 분야, 연구실, 열정, 관련, 이론, 방법, 지식, 생각, 학회, 진행, 학부"
DBA,신입,1,경험,3,"의견, 상대, 생각, 선수촌, 아파트, 진행, 마인드, 존중, 배려, 자세, 업무, 공사, 라즈베리, 사고, 모두, 공익, 지향, 경험, 대구, 대회"
DBA,신입,2,직무,1,"시스템, 교육, 정보, 전산, 업무, 생각, 데이터베이스, 경영, 관리, 때문, 지식, 필요, 내용, 적합, 강의, 목표, 기초, 네트워크, 이론, 학습"
IT·기술영업,신입,1,경험,5,"프로젝트, 생각, 업무, 요청, 경험, 스프링, 프레임, 워크, 진행, 기술, 전공자, 페이지, 과정, 산업, 현대오토에버, 소통, 훈련, 팀원, 공부, 전공"
IT·기술영업,신입,2,역량,2,"직무, 병원, 솔루션, 환자, 영업, 약국, 때문, 제안, 지식, 역량, 고객사, 니즈, 파악, 문제, 해결, 지능, 이용, 과제, 서비스, 중요"
IT·기술영업,신입,3,직무역량,1,"비즈니스, 영업, 설득, 생각, 전문가, 학교, 구매, 데이터, 필요, 담당자, 방문, 제품, 실제, 피드백, 방법, 사례, 구글 애널리틱스, 외부, 교육, 이해"
IT·기술영업,신입,4,직무,1,"제안, 경험, 챗봇, 고객, 분석, 소통, 기술, 콜센터, 이용, 고객사, 마케팅, 방안, 회사, 직무, 사업, 기반, 대체, 도입, 음성, 데이터"
IT·기술영업,인턴,1,경험,2,"동문회, 노력, 경험, 지속, 운영, 활성, 진행, 파악, 회사, 시스템, 구축, 졸업, 참여, 인원, 도전, 선배, 결과, 대동, 공업, 업무"
IT·기술영업,인턴,2,성장과정,1,"포기, 식량, 부모, 상황, 무인도, 자세, 친구, 가르침, 경험, 문제, 준비, 조사, 낚싯대, 실패, 대화, 의견, 우리, 자신, 맞벌이, 남매"
IT·기술영업,인턴,3,지원동기,1,"대동, 시장, 공업, 고객, 도전, 기업, 거래처, 영업, 능력, 경험, 생산, 국내, 달성, 도약, 업무, 기획, 관리, 제품, 설립, 기계"
MD,신입,1,경험,7,"경험, 고객, 업무, 직무, 영업, 아르바이트, 판매, 매출, 상품, 역량, 매체, 구매, 동안, 광고, 개월, 홈쇼핑, 전략, 결과, 활용, 시장"
MD,신입,2,지원동기,5,"직무, 생각, 문화, 성장, 고객, 관리, 회사, 기획, 다양, 상품, 업무, 무명, 동원, 푸드, 경험, 하나투어, 도전, 행사, 능력, 중요"
MD,신입,3,직무,4,"매장, 상품, 직무, 고객, 영업, 가격, 공급자, 분석, 방문, 가구, 여행, 공급, 비수기, 관심, 정보, 때문, 필요, 중요, 접점, 무명"
MD,신입,4,장단점,2,"서비스, 고객, 다양, 시간, 보상, 구축, 맞춤, 요구, 정보, 청소기, 장학, 목표, 인터파크, 쇼핑, 보완, 누구, 중심, 일본, 성향, 사람"
MD,신입,5,성장과정,1,"벼룩시장, 영업, 고객, 경험, 부모, 운영, 경제, 프로그램, 상품, 방송사, 방송, 시청, 다양, 상식, 유익, 개념, 상대, 직무명, 생각, 저희"
MD,신입,6,전공,1,"한계, 손질, 아르바이트, 즐거움, 정육, 생각, 사장, 업무, 개월, 마트, 코너, 기억, 공고, 도전, 작정, 지원, 시작, 남자, 야단, 인정"
MD,신입,7,역량,1,"상품, 온라인, 유통, 인턴, 직무, 채널, 커뮤니케이션, 정직, 생활, 이해, 고객, 업체, 소비자, 지식, 스킬, 생각, 가격, 사장, 신뢰, 전반"
MD,신입,8,비전,1,"환경, 직무, 열정, 영업, 데상트, 코리아, 후배, 업무, 반대, 인생, 회사, 가정, 고찰, 자세, 추구, 방향, 신입사원, 제로, 베이스, 시작"
MD,신입,9,성격,1,"인사, 사람, 소통, 어머니, 경청, 이야기, 건너편, 아버지, 능력, 학교생활, 다양, 주제, 대화, 웃음, 해답, 고객, 의견, 현대홈쇼핑, 직무, 아이"
MD,신입,10,자기소개,1,"여행, 문화, 시간, 차이, 친구, 이해, 패키지, 여행사, 일본, 행복, 학생, 도쿄, 동안, 투어, 집합, 이동, 수업, 관광, 기획, 기획자"
MD,인턴,1,경험,3,"고객, 프로모션, 파트, 타이머, 속옷, 업무, 교환, 학생, 근무, 기회, 무명, 포기, 성장, 행동, 오전, 사은품, 추천, 계산, 크기, 능력"
MD,인턴,2,강점,1,"고객, 상품, 교육, 책임감, 운영, 개선, 계획, 변수, 참여, 하나, 가치, 코로나, 여행, 하나투어, 기획, 프로그램, 경험, 문제, 현장, 의욕"
MD,인턴,3,협업,1,"팀원, 기획, 업무, 이벤트, 마케팅, 근무, 경험, 콘텐츠, 주도, 소통, 분담, 역할, 확장, 성과, 적극, 기존, 담당, 브랜드, 게시, 제안"
PD·감독,신입,1,지원동기,2,"드라마, 콘텐츠, 채널, 문화, 다양, 경험, 분야, 결과, 도전, 관심, 촬영, 친구, 결핍, 프로듀서, 리뷰, 음악, 생각, 시도, 트렌드, 선도"
PL·PM·PO,신입,1,경험,2,"모터, 프로젝트, 문제, 해결, 진행, 해당, 실행력, 소통, 경험, 일정, 역량, 끈기, 고장, 연구, 사업, 제품, 상황, 본사, 회의, 직무"
PL·PM·PO,신입,2,직무,1,"일정, 직무, 성장, 납품, 예산, 부품, 동반, 프로젝트, 대여, 현대로템, 생산, 수행, 진행, 회의, 키트, 발생, 업무, 이슈, 회사, 기준"
QA,신입,1,성장과정,1,"도전, 자전거, 생각, 종주, 완주, 포기, 국토, 장정, 경험, 대학, 땅끝마을, 고창, 장성, 위기, 방법, 높이, 오르막, 도로, 때문, 누적"
QA,신입,2,지원동기,1,"지원, 진행, 소프트웨어, 역량, 서비스, 기술, 생각, 교육, 프로젝트, 중요, 티맥스, 소프트, 비즈니스, 협회, 주관, 빅데이터, 관리자, 과정, 오라클, 하둡"
QA,인턴,1,직무,2,"게임, 직무, 서비스, 과정, 목표, 요구, 해결, 활동, 업무, 유저, 전문가, 성장, 산업, 다음, 측면, 중요, 제품, 최종, 신중, 설명"
QA,인턴,2,장단점,1,"내용, 체계, 시절, 디자인, 방식, 인정, 상대방, 노력, 학창, 수업, 공책, 기록, 정리, 보고서, 작성, 독자, 측면, 한편, 신중, 생각"
QA,인턴,3,경험,1,"고객, 활동, 게임, 신뢰, 숫자, 판매, 실시간, 문제, 해결, 참여, 아르바이트, 기간, 구두, 업무, 사회, 넥슨네트웍스, 서비스, 직무, 생각, 특성"
R&D·연구원,신입,1,경험,5,"소통, 직무, 업무, 분석, 이해, 조직, 커뮤니케이션, 제품, 역량, 중요, 광고주, 전공, 재료, 바탕, 생각, 상대, 상황, 연구, 필요, 수행"
R&D·연구원,신입,2,직무,2,"활용, 분석, 시뮬레이션, 차량, 에너지, 직무, 생각, 동화, 원인, 경험, 평가, 데이터, 흐름, 이용, 지식, 자동차, 안전, 규명, 크랙, 결함"
R&D·연구원,신입,3,전공,2,"에너지, 분석, 흐름, 학습, 자동차, 설계, 주행, 강도, 변화, 회생, 제어, 구동, 효율, 금속, 공학, 다양, 제품, 결과, 재료, 안전"
R&D·연구원,신입,4,극복,1,"문제, 핵연료, 원인, 밀봉, 해결, 인재, 한국원자력연구원, 제조, 혁신, 성장, 분야, 발생, 개선, 역량, 입자, 기반, 기초, 실무, 지식, 겸비"
간호사,신입,1,경험,3,"노력, 도시락, 시간, 극복, 도전, 자기, 경험, 직무, 진열, 스파링, 약점, 강점, 결과, 생각, 사실, 간호, 제공, 대학교, 학년, 동안"
간호사,신입,2,직무,2,"간호, 활동, 응급, 상황, 올림픽, 정확, 생리학, 인체, 지식, 평창, 의료, 소통, 대처, 삼성, 인재, 근거, 기반, 동아리, 해부학, 체험"
간호사,신입,3,지원동기,2,"직무, 환자, 간호, 행복, 봉사, 직무명, 제공, 성실, 고려대, 의료원, 끈기, 가능, 동작, 전문, 향상, 원정, 동행, 직원, 병원, 가치관"
간호사,신입,4,성장과정,1,"가치, 고등학교, 후원, 자신, 행복, 공존, 내면, 초등학교, 단원, 활동, 소외, 이웃, 사랑, 실천, 교내, 동아리, 임원, 해외, 아동, 기획"
건축기사,신입,1,경험,8,"프로젝트, 자격증, 수행, 업무, 디자인, 시험, 생각, 문제, 진행, 경험, 의견, 고객, 발생, 건축, 때문, 지식, 목표, 예술, 로비, 시간"
건축기사,신입,2,극복,2,"매뉴얼, 근무자, 존재, 매니저, 근무, 어려움, 미국, 업무, 이유, 처음, 사실, 해외, 역량, 학생, 사람, 공감대, 노력, 규정, 절차, 집단"
건축기사,신입,3,자기소개,2,"디자인, 사람, 도시, 환경, 고려, 생각, 서울, 주변, 안전, 디자이너, 시민, 가치, 지식, 공공, 기사, 생태, 기초, 측면, 경우, 사전"
건축기사,신입,4,지원동기,1,"사람, 최근, 상황, 주거, 업무, 회사명, 강점, 건축, 지식, 현실, 인지, 미래, 발전, 우리나라, 동안, 집값, 인상, 금리, 폭등, 이슈"
건축기사,신입,5,직무,1,"직무, 경험, 기사, 도전, 현장, 정신, 상징, 건설, 아르바이트, 시공, 설비, 생각, 건축, 준비, 전문, 포스코, 관리, 취득, 학부, 시절"
건축기사,신입,6,성격,1,"친구, 세계, 국제, 학교, 다양, 비교, 인생, 공부, 문화, 이해력, 공감, 능력, 공간, 디자인, 시야, 초등학교, 학년, 부모, 사업, 캄보디아"
게임개발자,신입,1,자기소개,1,"개발, 계획, 성격, 공부, 결과, 영어, 경험, 알고리즘, 구현, 역량, 진행, 운동, 성과, 문제, 노력, 참여, 회사, 분야, 핵심, 단위"
게임개발자,신입,2,역량,1,"개발, 게임, 기술, 패턴, 포트폴리오, 경험, 기간, 인원, 언어, 설명, 디자인, 학원, 능력, 우수, 프로그램, 캐릭터, 모델, 행동, 트리, 편집"
게임개발자,인턴,1,경험,1,"스포츠, 데이터, 게임, 뉴스레터, 매출, 관련, 스폰서, 다운로드, 경험, 현장, 취재, 도전, 일본, 해당, 고객, 인턴, 근무, 기존, 비교, 사업"
게임개발자,인턴,2,강점,1,"기획, 개발, 게임, 서비스, 팀원, 내용, 학교, 참가, 경험, 이해, 업무, 창업, 프로젝트, 넥슨, 노력, 관련, 바탕, 발생, 매칭, 행정"
경영·비즈니스기획,신입,1,경험,85,"업무, 경험, 고객, 직무, 생각, 목표, 결과, 진행, 노력, 시간, 팀원, 과정, 해결, 기업, 사람, 소통, 문제, 수행, 중요, 분석"
경영·비즈니스기획,신입,2,지원동기,16,"생각, 사업, 역량, 기업, 회사명, 고객, 회사, 성장, 환경, 시장, 지속, 글로벌, 지원, 직무, 기여, 가치, 방송, 영향력, 분석, 발휘"
경영·비즈니스기획,신입,3,성장과정,13,"사람, 공부, 동아리, 생각, 노력, 활동, 칭찬, 대학, 전공, 시절, 처음, 시작, 동안, 도전, 시간, 갈등, 계정, 기획, 가족, 협력"
경영·비즈니스기획,신입,4,역량,9,"업무, 관리, 중요, 인턴, 분석, 수행, 능력, 기획, 역량, 경험, 고객, 지식, 생각, 이해, 회계, 관련, 우리, 노력, 뉴스, 사업"
경영·비즈니스기획,신입,5,직무,8,"업무, 기획, 직무, 생각, 다양, 개발, 서비스, 사업, 과정, 발생, 기업, 관리, 관련, 분석, 수행, 중요, 고객, 활용, 진행, 전략"
경영·비즈니스기획,신입,6,장단점,6,"사람, 노력, 조사, 생각, 장점, 단점, 리더십, 관리, 학급, 학교, 팀원, 학년, 관계, 바탕, 회수, 설득, 필요, 적극, 주도, 도전"
경영·비즈니스기획,신입,7,비전,5,"산업, 기업, 직무, 지속, 연구, 경쟁력, 회사, 혁신, 개발, 기술, 확보, 생각, 업무, 성장, 구축, 지원, 사업, 기획, 기여, 글로벌"
경영·비즈니스기획,신입,8,가치관,5,"업무, 신뢰, 팀원, 시간, 장학금, 책임감, 중요, 지원, 약속, 생각, 사업, 방법, 서비스, 시절, 해당, 직무, 협력, 가치, 책임, 담당"
경영·비즈니스기획,신입,9,극복,4,"업무, 서류, 시간, 해결, 이슈, 발행, 상황, 경험, 일본, 리더십, 진행, 생산, 고객, 통관, 발생, 지연, 문제, 원산지, 경우, 베트남"
경영·비즈니스기획,신입,10,도전,3,"업무, 문제, 교수, 파악, 체계, 해결, 발생, 생각, 수업, 민원, 수행, 미래, 설명, 동시, 효과, 대한민국, 본인, 연구, 개발, 프로젝트"
경영·비즈니스기획,인턴,1,경험,11,"생각, 시간, 사업, 경험, 결과, 인턴, 업무, 현장, 계획, 팀원, 효율, 지식, 사람, 직무, 소통, 관리, 필요, 방식, 목표, 노력"
경영·비즈니스기획,인턴,2,직무,5,"캐릭터, 기업, 사업, 업무, 지원, 기술, 상품, 지식, 위기, 가치, 콘텐츠, 분석, 다양, 성장, 중요, 경쟁력, 도전, 시장, 바탕, 역할"
경영·비즈니스기획,인턴,3,성장과정,3,"업무, 시간, 투자, 기업, 학교, 내용, 독서, 분야, 분석, 노력, 목표, 진행, 사업, 프로젝트, 작업, 서식, 경제, 시절, 사람, 성격"
경영·비즈니스기획,인턴,4,지원동기,3,"유통, 이랜드, 시장, 사업, 생각, 지원, 분야, 발전, 능력, 회사, 커뮤니케이션, 고객, 성장, 전략, 기획자, 관리, 부서, 소통, 자리, 도전"
경영·비즈니스기획,인턴,5,역량,1,"자원, 시민, 신뢰, 분배, 인생, 국가, 사람, 지원, 동기, 과정, 토지, 분류, 필요, 만큼, 영위, 의미, 중요, 담당, 한국, 수자원"
경영·비즈니스기획,인턴,6,도전,1,"제작, 고객, 생각, 음악가, 표지, 의뢰, 만족, 결과물, 협력, 항목, 부합, 대학, 시절, 앨범, 처음, 외국, 상대, 이전, 경영, 관련"
경영·비즈니스기획,인턴,7,성격,1,"단점, 조사원, 교육, 상황, 장점, 시절, 조사, 그분, 시간, 진행, 실천, 리서치, 회사, 인턴, 회사명, 전화, 실시, 당시, 몇몇, 계속"
경영·비즈니스기획,인턴,8,전공,1,"소통, 문제, 해결, 생각, 결과, 조직, 청년, 팀원, 융합, 분과, 위원장, 진행, 경험, 분야, 전문가, 성과, 고민, 의미, 갈등, 후반기"
경영·비즈니스기획,인턴,9,비전,1,"행복, 도전, 대학, 진학, 체대, 선입견, 가슴, 목표, 바탕, 적극, 사람, 캄보디아, 해외, 봉사, 시작, 책임감, 임무, 각종, 대외, 활동"
경영·비즈니스기획,인턴,10,자기소개,1,"축제, 도전, 전략, 기획, 열정, 바탕, 관리, 성격, 선수, 대학, 편견, 학생, 회장, 진행, 치안, 인재, 생활, 진학, 체대, 가슴"
경영지원,신입,1,경험,6,"상담, 세무사, 업무, 경험, 민원인, 세무, 회계, 시험, 수행, 소득세, 전화, 감사, 고객, 회사, 부분, 종합, 다양, 합격, 관련, 세법"
경영지원,신입,2,가치관,2,"세무사, 근무, 업무, 전문, 민원인, 상담, 회사, 생각, 사회, 역할, 동안, 수행, 수습, 신고서, 작성, 기준, 한국, 금융, 세무서, 세무"
경영지원,신입,3,직무,2,"세무사, 회계, 자격증, 취득, 세무, 근무, 생각, 경험, 업무, 시험, 과정, 향상, 역할, 능력, 경영학, 준비, 세법, 공부, 수강, 이후"
경영지원,인턴,1,경험,3,"상담, 세무사, 업무, 시험, 생각, 경험, 소득세, 세무, 수행, 세법, 종합, 민원인, 신고서, 작성, 회계, 부분, 동안, 납세자, 전화, 법령"
경영지원,인턴,2,강점,1,"회계, 가스, 안전, 공사, 생각, 세무, 분야, 전문, 경험, 경영학, 다양, 세법, 사업, 업무, 지원, 관련, 지식, 대학, 전공, 습득"
고객센터관리자,신입,1,성장과정,1,"테니스, 동아리, 우승, 노력, 가입, 학기, 회원, 실력, 대회, 목표, 레슨, 동안, 꼴찌, 운동, 신경, 호기심, 하나, 친구, 우려, 예선"
고객센터관리자,신입,2,직무역량,1,"업무, 수행, 항공, 경험, 생각, 수입, 화물, 배송, 수출입, 정확, 인재, 진행, 통관, 제출, 비용, 합리, 무엇, 스케줄, 바탕, 가능"
교재개발·교수설계,신입,1,자기소개,1,"긍정, 성장, 노력, 발전, 마음, 안녕, 마인드, 인재, 시작, 무엇, 생각, 회사명, 입사, 감사"
교재개발·교수설계,신입,2,지원동기,1,"생각, 언어, 부분, 강의, 도움, 특기, 장점, 마음, 와중, 회사명, 공고문, 지원, 다양, 자격증, 공부, 교육, 그룹, 교재, 경험, 컨텐츠"
교재개발·교수설계,신입,3,강점,1,"공부, 컨텐츠, 도움, 긍정, 생각, 업무, 강점, 언어, 센스, 일본어, 다양, 수험, 입장, 기억, 경험, 직무, 창의, 마인드, 강의, 제작"
교직원·조교,신입,1,경험,3,"대학, 사회, 경청, 상대, 의견, 소통, 문제, 경험, 아파트, 해결, 생각, 포스텍, 시간, 사람, 어머니, 저희, 학교, 결과, 교수, 학생"
구매관리자,신입,1,경험,20,"경험, 업무, 구매, 관리, 사람, 계획, 학생, 때문, 벽화, 생각, 능력, 노력, 진행, 해결, 시간, 재고, 도전, 공부, 친구, 문제"
구매관리자,신입,2,성장과정,5,"노력, 성장, 전문가, 결과, 관계, 구매, 전공, 경험, 사람, 도전, 아르바이트, 공동체, 사회, 목표, 일본, 유학, 때문, 인정, 성당, 활동"
구매관리자,신입,3,지원동기,4,"구매, 협상, 관리, 절감, 업무, 코리아, 써키트, 모듈, 지식, 노력, 업체, 만족, 생산, 고객, 글로벌, 메모리, 지원, 경험, 능력, 경쟁력"
구매관리자,신입,4,직무,3,"업무, 부대, 구매, 직무, 관리, 롯데제과, 중국, 소통, 신뢰, 생각, 예산, 자금, 병사, 때문, 강점, 집행, 다양, 원활, 정확, 노력"
구매관리자,신입,5,강점,2,"관리, 학생, 통계, 구매, 판매, 입장, 중재, 경험, 진행, 업무, 부품, 최적, 직무, 역량, 논문, 비율, 계산, 가지, 제품, 중국"
구매관리자,신입,6,역량,1,"문제, 해결, 역량, 거래, 구매, 실무, 생각, 대회, 주문, 아침, 지식, 직무, 협상력, 해결력, 진행, 임기, 응변, 능력, 사무국장, 당시"
구매관리자,신입,7,도전,1,"고객, 중국인, 적극, 기여, 상품, 관광객, 필요, 점포, 상승, 캐릭터, 여대, 성과, 아르바이트, 매출, 국산, 경험, 주도, 제품, 판매, 어린이"
구매관리자,신입,8,장단점,1,"보람, 샘플, 납기, 차질, 공급, 업무, 목표, 소싱, 원단, 가격, 진행, 향상, 기여, 성장, 학습, 국사, 장점, 완수, 의류벤더, 경험"
구매관리자,인턴,1,경험,2,"사건, 고객, 집중, 배려, 현대제철, 영업, 직무, 부분, 매장, 입사, 신뢰, 연평도, 포격, 당시, 만큼, 시기, 사수, 후임, 리더, 현재"
구매관리자,인턴,2,성장과정,1,"주도, 학창, 시절, 진행, 만족감, 입사, 실행, 현대제철, 인재, 노력"
구매관리자,인턴,3,장단점,1,"가능, 신념, 해병, 해병대, 전역, 도전, 용기, 장점, 현대제철, 입사, 철강, 국내외, 영업, 시장, 개척, 형식, 성격, 때문, 유도리, 단점"
구매관리자,인턴,4,도전,1,"학생, 문화, 현대제철, 글로벌, 미국, 교환, 사람, 언어, 대화, 감각, 이해, 철강, 시대, 비전, 어학연수, 네덜란드, 다양, 국가, 기회, 도착"
그래픽디자이너,신입,1,자기소개,1,"그래픽, 모션, 디자인, 직무, 다양, 영상, 분야, 열정, 유튜브, 인스타그램, 미디어, 매체, 콘텐츠, 흥미, 학부, 시절, 역량, 일러스트레이션, 스튜디오, 그래픽스"
그래픽디자이너,신입,2,직무,1,"그래픽, 영상, 모션, 사용, 제작, 실무, 경력, 직무, 역량, 아트, 인턴, 근무, 광고, 후반, 자막, 디자인, 업무, 담당, 애프터, 이펙트"
금융영업,신입,1,경험,43,"고객, 생각, 경험, 결과, 업무, 목표, 사람, 직무, 팀원, 노력, 때문, 활동, 변화, 다양, 시작, 동안, 필요, 시간, 설명, 공부"
금융영업,신입,2,지원동기,12,"고객, 사람, 회사, 노력, 상품, 업무, 금융, 농협, 직무, 생각, 서비스, 보험, 활동, 삼성화재, 사원, 지원, 기업, 전문, 수행, 경험"
금융영업,신입,3,성장과정,10,"사람, 경험, 노력, 시절, 성실, 고객, 다양, 학생, 업무, 바탕, 기본, 긍정, 생각, 영업, 결과, 친구, 기업, 진행, 존재, 학창"
금융영업,신입,4,직무,6,"고객, 금융, 생각, 상품, 직무, 다양, 시장, 지식, 부동산, 판매, 성장, 학교, 경험, 수행, 매출, 능력, 취득, 노력, 회사, 우리은행"
금융영업,신입,5,역량,3,"경제, 고객, 금융, 생각, 공부, 지식, 부동산, 업무, 역량, 달성, 중요, 자산, 관계, 직무, 경제학, 분야, 시장, 취득, 관련, 관리사"
금융영업,신입,6,장단점,3,"노력, 시간, 사람, 고객, 업무, 의견, 동료, 자신, 타인, 성격, 목표, 퇴직, 습득, 상대방, 발견, 파악, 결과, 활동, 만족도, 향상"
금융영업,신입,7,협업,2,"인력, 감축, 시급, 인상, 밑반찬, 해결, 수익, 생각, 최저, 고객, 문제, 사장, 상황, 점장, 품질, 부족, 인건비, 개선, 분석, 자료"
금융영업,신입,8,극복,2,"공연, 직무, 기업, 시장, 팀원, 동아리, 부원, 저희, 제품, 준비, 과정, 구성원, 티켓, 해결, 제안, 참여, 노력, 팀장, 뮤지컬, 활동"
금융영업,신입,9,강점,2,"고객, 전문, 강의, 자산, 경험, 학부, 시절, 투자, 외환, 수강, 우수, 성적, 대학교, 관리, 자격증, 획득, 상황, 분석, 조언, 제공"
금융영업,신입,10,변화,2,"고객, 아이디어, 금융, 전통, 구매, 분석력, 기획력, 기회, 세트, 제품, 상황, 주변, 변화, 분석, 인턴, 선물, 판매, 가지, 창의, 매출"
금융영업,인턴,1,경험,6,"팀원, 배려, 아이, 역할, 연습, 시간, 경험, 영상, 작업, 갈등, 목표, 생각, 열정, 습관, 효율, 분담, 동아리, 과정, 친구, 결과"
금융영업,인턴,2,극복,2,"스트레스, 고객, 실수, 며칠, 손님, 만족, 인턴십, 예상, 가지, 방법, 친구, 전선, 이상, 호텔, 서버, 주스, 시작, 발생, 사건, 선배"
금융영업,인턴,3,전공,1,"경제, 지역, 희망, 분야, 발전, 기업, 난쏘공, 자치, 행정, 관심, 심도, 학습, 학원, 기초, 회사명, 금요, 강좌, 지식, 학년, 학기"
금융영업,인턴,4,취업준비,1,"학생, 마음, 공감, 고객, 검정고시, 대학, 활동, 진학, 이해, 기업은행, 마스터, 은행, 최고, 가치, 행복, 달성, 무엇, 입장, 해결책, 제시"
금융영업,인턴,5,지원동기,1,"보험, 세상, 경험, 능력, 고객, 인턴, 손해, 인재, 업무, 노력, 자동차, 소통, 가족, 교통사고, 의지, 회사명, 급여, 보험업, 긍정, 생각"
기계엔지니어,신입,1,경험,25,"생각, 설계, 경험, 문제, 활동, 해결, 진행, 때문, 팀원, 참여, 도전, 사람, 업무, 친구, 다양, 공부, 노력, 동아리, 해석, 과정"
기계엔지니어,신입,2,지원동기,10,"트랙터, 자동차, 문제, 분야, 기업, 생각, 지게차, 무인, 회사명, 사업, 부품, 설계, 프로젝트, 개발, 안전, 미래, 공학, 한국, 현장, 직무"
기계엔지니어,신입,3,성장과정,10,"사람, 생각, 성격, 동아리, 선배, 도전, 노력, 경험, 학기, 회장, 자동차, 개선, 활동, 카트, 지원, 후배, 진학, 자신감, 담당자, 학교"
기계엔지니어,신입,4,직무,7,"경험, 지식, 생각, 해석, 다양, 구매, 설계, 개발, 분야, 부서, 품질, 직무, 자동차, 공학, 생산, 수행, 역량, 연구, 차량, 엔지니어"
기계엔지니어,신입,5,역량,6,"설계, 차량, 업무, 데이터, 경험, 지식, 분석, 개발, 팀원, 과정, 필요, 직무, 프로젝트, 제어, 특성, 공정, 연구, 책임감, 시스템, 분야"
기계엔지니어,신입,6,강점,5,"소통, 실험, 개선, 설계, 경험, 개발, 생각, 직무, 수행, 생산, 측정, 온도, 때문, 엔지니어, 파악, 제품, 연구, 진행, 업무, 시간"
기계엔지니어,신입,7,전공,4,"재료, 설계, 공학, 소재, 선택, 전공, 지식, 개발, 제품, 기계, 과목, 수강, 활동, 전자, 즐거움, 엔지니어, 전자공학, 공부, 팀원, 직무"
기계엔지니어,신입,8,존경하는 인물,3,"사람, 자신, 선생, 목표, 편견, 장동민, 실력, 여운형, 인물, 민족, 교육, 사상, 독립, 운동, 정신, 예측, 해방, 헌신, 현대다이모스, 의식"
기계엔지니어,신입,9,도전,3,"시간, 중국인, 생각, 학생, 직무, 필요, 팀원, 후원자, 도전, 실험, 경험, 지원, 친구, 도움, 모임, 소통, 무엇, 결과, 부분, 자동차"
기계엔지니어,신입,10,비전,3,"한국타이어, 노력, 시장, 목표, 개발, 기술, 생각, 공학도, 분야, 배려, 최고, 타이어, 성장, 제품, 국민, 교육, 과정, 사회, 진출, 가치"
기계엔지니어,인턴,1,경험,6,"시간, 인도, 진행, 캠페인, 엔지니어, 해결, 친구, 기계, 파티, 공학, 문제, 과정, 인턴십, 미국, 회사명, 극장, 주민, 사고, 생각, 취득"
기계엔지니어,인턴,2,직무,2,"환경, 문제, 자동차, 경험, 관심, 전공, 직무, 실습, 연구, 공학도, 플랜트, 운영, 생각, 해결, 인도, 사용, 생산, 사람, 필요, 실험"
기계엔지니어,인턴,3,성장과정,1,"극복, 사람, 단점, 도전, 현대카드, 영업직, 경험, 설득, 성격, 사원, 지속, 세상, 시야, 변화, 전역, 환경, 사이, 시간, 출근, 하루"
기계엔지니어,인턴,4,비전,1,"환경, 기업, 성장, 발전, 구성원, 문제, 기술, 생활, 가치관, 혼자, 고등학교, 공부, 시절, 구보, 친구, 완주, 반쪽, 생각, 때문, 마찬가지"
기계엔지니어,인턴,5,지원동기,1,"기업, 두산, 엑스커베, 과목, 주변, 대부분, 마크, 정통, 분야, 최고, 입사, 지원, 연구원, 차별, 성능, 효율, 기기, 생각, 학년, 학기"
기술·전문강사,신입,1,경험,14,"개발, 프로젝트, 경험, 생각, 문제, 해결, 업무, 관련, 노력, 진행, 이용, 역량, 학생, 시스템, 서비스, 프로그램, 소프트웨어, 팀원, 알고리즘, 환경"
기술·전문강사,신입,2,성장과정,4,"도전, 활동, 경험, 포기, 메뉴, 성장, 생활, 때문, 학교, 노력, 프로젝트, 개발, 학생, 마케팅, 관련, 목표, 대학교, 열망, 공부, 기간"
기술·전문강사,신입,3,지원동기,3,"기업, 고객, 개발, 서비스, 금융, 가족, 스마트, 프로젝트, 생각, 롯데정보통신, 도전, 다양, 업무, 시스템, 제공, 직원, 마케팅, 시장, 관련, 회사"
기술·전문강사,신입,4,성공,1,"경험, 때문, 긍정, 아버님, 사람, 실패, 가족, 배려, 고철, 대화, 산업, 어려움, 발전, 성취, 생활, 보통, 시작, 단정, 자신, 경우"
기술·전문강사,신입,5,장단점,1,"기업, 관리, 연결, 생각, 서버, 산업, 혁명, 필두, 세계, 신종, 성장, 기술, 보안, 연구실, 사회, 이슈, 스마트폰, 빅데이터, 커넥티드카와, 용어"
기술·전문강사,신입,6,자기소개,1,"설계, 회사명, 관리, 산업, 공학, 생각, 아이디어, 정보, 개발, 기업, 보안, 신중, 열정, 학교, 대학원, 기술, 연구, 역량, 습득, 지식"
기술·전문강사,신입,7,변화,1,"프로그램, 개발, 교수, 소스, 작성, 과제, 기능, 학생, 컴퓨터, 공학, 실력, 향상, 인턴십, 분석, 제출, 경험, 불편, 개선, 답변, 학부"
기술·전문강사,신입,8,극복,1,"생각, 코드, 경우, 냉정, 알고리즘, 개선, 파악, 극복, 작성, 피드백, 대회, 논리, 부족, 결과, 도출, 경우의 수, 가지, 정도, 다수, 원인"
기술·전문강사,신입,9,비전,1,"모습, 세계, 글로벌, 생각, 다양, 최고, 제공, 마인드, 사람, 영어, 전공, 비즈니스, 문화, 행복, 기업, 솔루션, 실현, 업무, 가족, 서로"
기술·전문강사,신입,10,역량,1,"다양, 서비스, 최고, 수행, 직무, 프로젝트, 어플, 고객, 한국, 진행, 사용, 관련, 분야, 전공, 안드로이드, 솔루션, 바탕, 사람, 경험, 회사"
기자,신입,1,경험,3,"커피, 사람, 정보, 사단장, 직무, 자리, 인턴십, 근무, 청년드림센터, 청년, 인턴, 휴지, 프로젝트, 때문, 시간, 온라인, 방법, 팀워크, 자신, 경험"
기자,신입,2,역량,1,"사람, 채널, 확보, 필요, 중요, 차별, 전략, 사유, 기사, 직무, 사실, 활용, 텐트, 제작, 인쇄, 단계, 직무명, 작성, 역량, 이야기"
납품·배송기사,신입,1,성장과정,1,"생각, 도전, 등산, 교육, 성장, 사람, 열정, 불편, 기회, 자전거, 고향, 근처, 정도, 지방, 방송, 여행기, 출연, 여행, 친구, 우정"
납품·배송기사,신입,2,성격,1,"동아리, 활동, 사람, 중요, 서로, 도움, 의미, 실천, 알곡, 성격, 후회, 배우자, 가슴속, 기억, 대학, 시절, 하나, 써클, 학교, 지역"
납품·배송기사,신입,3,지원동기,1,"메모, 아이디어, 생각, 기업, 사람, 마음, 뱅크, 창의, 불편, 기획, 수능, 점수, 전공, 선택, 지방, 대학, 편견, 성적, 유지, 생활"
네트워크엔지니어,신입,1,경험,28,"프로젝트, 팀원, 생각, 진행, 정보, 문제, 경험, 시간, 활동, 분석, 결과, 전공, 노력, 부분, 도전, 고객, 개발, 네트워크, 때문, 생활"
네트워크엔지니어,신입,2,지원동기,4,"보안, 정보, 경험, 사람, 회사명, 발전, 공부, 서비스, 기업, 금융, 기술, 모두, 지원, 분야, 생각, 사이버, 테러, 사고, 개발, 중요"
네트워크엔지니어,신입,3,성장과정,3,"시작, 생각, 경쟁, 시절, 발전, 군대, 열정, 끈기, 결과, 도전, 친구, 정보, 보호, 학교, 성적, 생활, 단점, 자세, 부대, 이후"
네트워크엔지니어,신입,4,극복,2,"장점, 생각, 방식, 갈등, 지식, 시험, 공부, 스트레스, 시간, 선배, 완벽, 수행, 기출, 문제, 이해, 자격증, 단점, 극복, 보안, 노력"
네트워크엔지니어,신입,5,직무,2,"네트워크, 통신, 안정, 전문가, 생활, 지식, 이용, 개발, 부분, 동안, 작성, 분야, 확인, 인턴, 담당, 소스, 분석, 업무, 프로세스, 과목"
네트워크엔지니어,신입,6,자기소개,2,"공감, 의견, 중요, 긍정, 마음, 가능, 사람, 생각, 조율, 등반, 코스, 대립, 팀원, 그분, 입장, 이해, 경험, 때문, 영향, 존중"
네트워크엔지니어,신입,7,협업,1,"소통, 배려, 업무, 능력, 부분, 말씀, 공정, 아저씨, 원활, 직무, 아르바이트, 냉장고, 공장, 작업, 방법, 실수, 대신, 수정, 부담, 가중"
네트워크엔지니어,신입,8,성공,1,"책임감, 생각, 직장, 생활, 배려, 소통, 개발, 역량, 공동, 목표, 달성, 학교, 학년, 과음, 방지, 경험, 부족, 외주, 고민, 엔지니어"
네트워크엔지니어,신입,9,문제해결,1,"문제, 핵심, 직원, 파악, 아르바이트, 외국인, 노동자, 근무, 복장, 체형, 제공, 사장, 해결, 발생, 부당, 처우, 개선, 겨울, 자동차, 부품"
네트워크엔지니어,신입,10,역량,1,"생각, 문장, 소통, 문화, 세계, 영어, 대화, 항공사, 직원, 함양, 국제, 감각, 타인, 피해, 민족, 준비, 다음, 언어, 말하기, 공부"
네트워크엔지니어,인턴,1,경험,13,"업무, 결과, 선택, 생각, 동아리, 방법, 부분, 문제, 경험, 목표, 수영, 시작, 진행, 네트워크, 아르바이트, 직무, 동안, 프로젝트, 이용, 공부"
네트워크엔지니어,인턴,2,직무,1,"통신, 파트, 지원, 정보, 경험, 선로, 자동, 관리, 업무, 보안, 환경, 실무, 개월, 인턴, 근무, 전력, 가지, 배전, 폐기, 원격"
네트워크엔지니어,인턴,3,직무역량,1,"다양, 서버, 의견, 네트워크, 구축, 부서, 정책, 수립, 공부, 프로젝트, 교육, 전자, 보안, 반영, 롯데, 닷컴, 사용자, 집행, 조직, 전공자"
노무관리자,신입,1,성장과정,1,"선택, 노력, 추진력, 업무, 결정, 부모, 목표, 지금, 지속, 변화, 가치관, 대학교, 입학, 미래, 중요, 기로, 자기, 존중, 태도, 조건"
노무관리자,신입,2,경험,1,"고객, 점주, 노력, 생각, 편의점, 담배, 고민, 직무, 경험, 매출, 반응, 유도, 판매, 행사, 부서, 정의, 경제, 유인, 언제, 선택"
노무관리자,신입,3,지원동기,1,"업무, 관련, 유지, 처리, 관리, 운영, 근로자, 계약, 회사, 조직, 인력, 원활, 연말정산, 자신, 지식, 자산, 지원, 직무, 인사, 개월"
마케팅기획,신입,1,성장과정,1,"사람, 마케팅, 활동, 손짓, 고객, 업무, 전략, 과정, 다방면, 역량, 인턴, 경험, 자신, 부족, 사용, 고민, 해당, 방문, 이후, 업체"
마케팅기획,신입,2,경험,1,"고객, 작성, 전략, 업체, 불만, 사항, 답변, 매뉴얼, 다양, 온라인, 출근, 동시, 응대, 문제, 질문, 해결, 전임자, 기록, 상황, 처리"
매장관리자,신입,1,경험,6,"장학, 매출, 매장, 경험, 선정, 교수, 기준, 직무, 상승, 생각, 학생, 필요, 공정, 카페, 고객, 중요, 결과, 아르바이트, 도구, 현황"
매장관리자,신입,2,성격,2,"매장, 내일, 사람, 생각, 업무, 버거킹, 관리, 매출, 비교, 직원, 본사, 과거, 성격, 문제, 대처, 인턴, 상품, 분석, 현장, 주변"
매장관리자,신입,3,강점,2,"체력, 재고, 농구, 단말기, 대리점, 요청, 발주, 능동, 무엇, 자신, 자연, 단련, 주말, 오전, 오후, 아르바이트, 동아리, 활동, 채용, 설명회"
매장관리자,신입,4,지원동기,2,"고객, 서비스, 보람, 직무, 트렌드, 커피, 입사, 기획, 패션, 스타벅스, 제공, 매장, 만족, 리저브, 방문, 경험, 관심, 브랜드, 이랜드, 방안"
매장관리자,신입,5,극복,1,"인도, 여행, 경험, 성장, 패기, 도전, 영어, 어휘, 생각, 인도인, 대화, 올해, 보름, 동안, 배낭, 고생, 계기, 직무, 소통, 쓴맛"
매장관리자,신입,6,직무,1,"유니클로, 생각, 책임, 지원, 실용, 스타일, 사람, 이유, 평소, 라이프, 정신, 전파, 윤택, 남매, 어머니, 책임감, 학부, 시절, 동아리, 운영"
매장관리자,신입,7,비전,1,"가족, 행복, 자신, 목표, 성취, 원활, 직장, 생활"
매장관리자,신입,8,자기소개,1,"생각, 이랜드, 패션, 사업부, 직무, 발상, 회사, 아이디어, 창출, 능력, 사람, 자료, 분석, 가지, 강점, 첫째, 추종, 불허, 창의성, 필요"
매장관리자,신입,9,성장과정,1,"책임감, 물품, 입점, 필요, 구매, 행동, 상점, 위기, 극복, 매사, 사람, 인턴, 시절, 부산, 외식업체, 신규, 매장, 샵인샵, 출장, 당시"
무역사무원,신입,1,경험,2,"공정, 생산, 발사, 화학, 과정, 직무, 경험, 제품, 수행, 산업, 파악, 과제, 노력, 문제, 해결, 분야, 관리, 업무, 필요, 흐름"
무역사무원,신입,2,직무,2,"화학, 직무, 납기, 관리, 시장, 석유, 다양, 산업, 트레이딩, 경쟁력, 세계, 기업, 제조, 경제, 기술, 경험, 능력, 무역, 중요, 필요"
무역사무원,신입,3,성장과정,1,"동아리, 조직, 다양, 회원, 활동, 모임, 임원, 대학, 사람, 시간, 소속, 레져, 운영, 의견, 교내, 산업기능요원, 열정, 연합, 학교, 전공"
무역사무원,신입,4,지원동기,1,"도전, 아르바이트, 제우스, 일본, 제조, 장비, 사업, 정신, 공유, 적극, 인수, 합병, 반도체, 태양, 전지, 영역, 확대, 지속, 성장, 가능"
무역사무원,신입,5,역량,1,"돌발, 상황, 일본, 납기, 지역, 선적, 직무, 대처, 능력, 여름, 남부, 창고, 중순, 제안, 관리, 준비, 대응력, 필요, 직장, 아이스"
물류관리자,신입,1,경험,2,"업무, 계획, 교육, 수립, 상황, 교범, 진행, 고려, 단계, 실적, 위기, 하나, 의존, 부대, 전체, 주일, 집중, 이행, 태도, 부서"
물류관리자,신입,2,역량,1,"대응, 능동, 현장, 판단력, 태도, 변화, 역량, 물동량, 입고, 도우미, 근무, 증가, 상황, 작업, 공간, 고객, 수요, 필요, 생각, 관련"
물류관리자,신입,3,직무,1,"화물, 업무, 바탕, 물류, 금호타이어, 담당, 발생, 목적지, 필요, 수행, 상황, 고객, 응대, 달인, 활약, 경험, 지원, 수출, 부킹, 예상"
바이오·제약연구원,신입,1,성장과정,2,"공부, 성실, 성적, 모습, 수업, 능력, 생각, 스스로, 전문, 미생물, 연구, 자신감, 자신, 조사, 부분, 현재, 최선, 고등학교, 집중, 아쉬움"
바이오·제약연구원,신입,2,경험,2,"여행, 측정, 유럽, 실험, 문제, 계획, 동안, 때문, 시간, 미생물, 퍼멘터, 농도, 팀원, 제작, 기존, 해결, 전략, 경험, 효율, 구매"
바이오·제약연구원,신입,3,직무,2,"생각, 고객, 증가, 가구, 식품, 미래, 성장, 고령, 수업, 전문, 지식, 배양, 세대, 국내, 시장, 때문, 회원국, 출산, 확보, 제품"
바이오·제약연구원,신입,4,역량,2,"실험, 역량, 처리, 표현, 의미, 수행, 이해, 스피치, 강의, 토대, 세포, 증가, 효능, 평가, 모델, 상대방, 수강, 측정, 검사, 능력"
바이오·제약연구원,신입,5,직무역량,1,"병원, 서울, 삼성, 분석, 의료, 제안, 사회, 환자, 브랜드, 이미지, 강점, 단점, 해결책, 제시, 서비스, 공헌, 달성, 변화, 사례, 주기"
바이오·제약연구원,신입,6,비전,1,"효능, 바이오, 개발, 분석, 치료제, 세포, 생각, 코오롱, 생명, 과학, 유전자, 사회, 관심, 의약품, 지식, 경험, 치료, 가능, 질병, 최근"
반도체엔지니어,신입,1,경험,21,"공정, 설계, 회로, 반도체, 연구, 경험, 제작, 과정, 직무, 전공, 전자, 장비, 시간, 결과, 개발, 소자, 구현, 지식, 분야, 진행"
반도체엔지니어,신입,2,성장과정,9,"경험, 생각, 사람, 생활, 노력, 업무, 도전, 조직, 교수, 활동, 해결, 소통, 친구, 도움, 공부, 학생, 아버지, 책임감, 목표, 열정"
반도체엔지니어,신입,3,지원동기,3,"반도체, 장비, 성장, 생각, 회사명, 개발, 고객사, 공정, 직무, 최고, 업체, 리드, 타임, 지원, 테스트, 산업, 능력, 국내, 기업, 양산"
반도체엔지니어,신입,4,장단점,3,"업무, 끈기, 아르바이트, 해결, 계획, 때문, 엔지니어, 시간, 물류, 센터, 동안, 소통, 결과, 테스트, 중요, 노력, 진행, 파악, 이슈, 고려"
반도체엔지니어,신입,5,직무,2,"디스플레이, 경험, 소통, 제품, 달성, 문제, 롤러블, 시장, 협력, 엔지니어, 바탕, 이슈, 해결, 세계, 생각, 서포터즈, 선발, 업무, 파트, 부담"
반도체엔지니어,신입,6,전공,2,"공정, 반도체, 엔지니어, 설비, 장비, 직무, 분석, 능력, 기술, 수율, 과목, 학습, 이해, 경험, 해결, 향상, 수강, 화학, 방법, 활용"
반도체엔지니어,신입,7,강점,1,"장학금, 학비, 아르바이트, 의지, 학업, 복학, 생활비, 조교, 강점, 집념, 동아리, 목표, 등록금, 마련, 여자, 친구, 생각, 효율, 방법, 근로"
반도체엔지니어,신입,8,역량,1,"개발, 설계, 이용, 다양, 시스템, 시뮬레이션, 언어, 프로그램, 파일, 직무, 경험, 구현, 기능, 사용, 수정, 하나, 작성, 조건, 카드, 지원"
반도체엔지니어,인턴,1,경험,4,"공부, 모임, 선배, 생각, 전공, 모듈, 전과, 하드웨어, 학과, 수업, 대회, 소스, 이후, 컴퓨터, 학기, 팀원, 노력, 장비, 정보, 사람"
반도체엔지니어,인턴,2,장단점,1,"활동, 생각, 행동, 성격, 업무, 학생회, 자료, 응원단, 목표, 참석, 처음, 소통, 부족, 진행, 끈기, 결과, 서로, 포기, 파일, 아시아"
반도체엔지니어,인턴,3,지원동기,1,"회사명, 전자, 설계, 반도체, 산업, 기판, 미래, 기업, 전공, 방법, 발전, 역량, 생각, 시대, 다층, 생산, 기술, 공학, 인증, 과목"
반도체엔지니어,인턴,4,성장과정,1,"방송, 편집, 학교, 영상, 저희, 친구, 기획, 문제, 캠코더, 동아리, 대부분, 촬영, 생각, 선생, 동영상, 사양, 컴퓨터, 준비, 관객, 협력"
백엔드개발자,신입,1,경험,5,"사용, 서비스, 제공, 데이터, 이용, 회사명, 금융, 안전, 다양, 때문, 해당, 아이, 지로, 경험, 처리, 고객, 생각, 프로젝트, 방법, 발생"
백엔드개발자,신입,2,갈등,1,"아이디어, 진행, 생각, 방법, 발전, 개발자, 학생, 프로젝트, 서로, 저희, 상황, 구현, 융합, 산업, 혁명, 도래, 세계, 기기, 인터넷, 연결"
백엔드개발자,신입,3,직무,1,"기술, 이전, 발전, 직원, 최고, 가비아, 회사, 기존, 멘토, 방법, 엔드, 사용, 생각, 다양, 솔루션, 자체, 개발, 분위기, 공부, 사람"
백엔드개발자,신입,4,역량,1,"사용, 공부, 언어, 활용, 작성, 프로젝트, 진행, 코드, 효율, 다양, 제작, 지식, 개발자, 자바, 엔드, 사이트, 문제, 해결, 개인, 개발"
백엔드개발자,신입,5,협업,1,"소통, 프로젝트, 팀원, 협업, 진행, 회의, 개발, 개발자, 상황, 직무, 서로, 점검, 피드백, 기술, 사용, 리더십, 학교, 학년, 교내, 코로나바이러스"
법무담당자,신입,1,경험,2,"답사, 사고, 위장, 고객, 상황, 적발, 선배, 조사, 진행, 도전, 노력, 실패, 강화, 업무, 현장, 목표, 달성, 역량, 한계, 숙지"
법무담당자,신입,2,직무,1,"도전, 지식, 시장, 바탕, 유료, 방송, 최초, 서비스, 과정, 상황, 해결, 경험, 다양, 활동, 대인, 관계, 구축, 법률, 적극, 국내외"
법무담당자,신입,3,핵심역량,1,"수비수, 업무, 역량, 바탕, 문제, 매장, 부스, 대외, 협력, 직무, 생각, 주인, 의식, 실점, 지식, 신중, 창의성, 근무, 학습, 처리"
법인영업,신입,1,경험,2,"매장, 인센티브, 제도, 대리점, 활동, 매출, 봉사, 진행, 모임원, 제안, 상생, 점주, 전년, 대비, 본사, 기획, 당시, 예정, 온라인, 변동"
법인영업,신입,2,성장과정,1,"상대, 활동, 커뮤니케이션, 배려, 자리, 스스로, 학업, 집중, 봉사, 파트타임, 인턴, 수행, 빵집, 제조, 기사, 재료, 발주, 포장, 과정, 담당"
법인영업,신입,3,지원동기,1,"고객, 온라인, 광고, 질문, 촬영, 현대, 드림, 투어, 법인, 영업, 직무, 고객사, 지속, 연락, 만족도, 향상, 필요, 대응, 원활, 커뮤니케이션"
법인영업,신입,4,직무,1,"수익, 확보, 기업, 제휴, 상품, 납품, 서브, 매출, 계열사, 시장, 영업, 안정, 구조, 과정, 우리, 성장, 필수, 대리점, 직무, 창출"
법인영업,신입,5,역량,1,"매장, 효율, 분석, 유통, 판매, 품목, 채널, 진행, 매출, 확보, 분석력, 마트, 사업부, 목표, 점포, 결과, 우리, 서브, 고객사, 바탕"
법인영업,인턴,1,자기소개,1,"부모, 아버지, 어머니, 노력, 투자, 노동, 가치, 목욕탕, 지금, 성실, 성공, 마음, 모습, 무어, 몰입, 성장, 목표, 증권, 청년, 이상우"
법인영업,인턴,2,장단점,1,"도전, 성장, 경청, 정신, 투자, 마음, 소통, 시도, 생각, 실패, 증권, 필요, 존중, 자세, 비바람, 나무, 뿌리, 열매, 인생, 시련"
법인영업,인턴,3,지원동기,1,"투자, 증권, 고객, 증대, 목표, 사원, 매력, 노력, 금융, 회사, 사회, 이바지, 관심, 직무, 영업, 전장, 생각, 동상이몽, 대학, 다양"
비서,신입,1,장단점,1,"결과, 만족, 활동, 배려, 자신, 대화, 목적, 달성, 친화력, 협동심, 조직원, 이해, 리더, 역할, 수행, 학창, 시절, 성과, 리더십, 사회"
사무담당자,신입,1,경험,127,"업무, 생각, 경험, 시간, 직무, 팀원, 노력, 활동, 결과, 진행, 때문, 수행, 상황, 담당, 작업, 사람, 준비, 교육, 관리, 의견"
사무담당자,신입,2,직무,19,"업무, 직무, 생각, 회사명, 직원, 경험, 목표, 의견, 바탕, 인사, 조사, 시간, 활용, 프로젝트, 복지, 진행, 고객, 활동, 능력, 분야"
사무담당자,신입,3,지원동기,17,"업무, 사람, 지원, 직무, 생각, 사업, 노력, 수행, 고객, 회사명, 발전, 입사, 행정, 중요, 진행, 관심, 기업, 성장, 서비스, 변화"
사무담당자,신입,4,역량,14,"생각, 직무, 고객, 사람, 업무, 능력, 중요, 수행, 경험, 소통, 문제, 역량, 필요, 활동, 지원, 해결, 노력, 봉사, 다양, 방법"
사무담당자,신입,5,성장과정,13,"생활, 활동, 경험, 사람, 업무, 도전, 생각, 모습, 노력, 책임감, 아버지, 성격, 지원, 중요, 성공, 다양, 성실, 공부, 대학, 팀원"
사무담당자,신입,6,장단점,10,"성격, 업무, 친구, 사람, 책임감, 장점, 노력, 생각, 단점, 도움, 기업, 내성, 때문, 해결, 중요, 최선, 결과, 시간, 처리, 상황"
사무담당자,신입,7,가치관,5,"동아리, 사용, 신뢰, 생각, 업무, 활동, 경우, 중요, 광고주, 수행, 지원금, 사회, 성과, 내역, 사람, 시간, 정직, 처리, 달성, 금융"
사무담당자,신입,8,성격,5,"성격, 업무, 사람, 단점, 처리, 계획, 덕분, 노력, 해결, 시간, 유지, 기본, 생각, 모습, 신뢰, 장점, 소통, 의견, 소극, 회사"
사무담당자,신입,9,도전,4,"경험, 상담, 주제, 학생, 공부, 직무, 수행, 내용, 고객, 크라우드펀딩, 종합, 소득세, 역할, 현장, 시작, 달성, 목표, 때문, 참여, 효과"
사무담당자,신입,10,비전,4,"업무, 생각, 입사, 공부, 완벽, 수행, 직원, 인재, 활용, 목표, 현실, 안주, 분야, 만큼, 조직, 인정, 성장, 자격증, 지식, 시간"
사무담당자,인턴,1,경험,23,"학생, 경험, 생각, 업무, 직무, 결과, 아이, 노력, 소통, 활동, 해결, 역할, 보고서, 진행, 상황, 시간, 사람, 문제, 친구, 학년"
사무담당자,인턴,2,직무,5,"직무, 능력, 업무, 지식, 사람, 관리, 생각, 고객, 직원, 소통, 진행, 부족, 실무, 경험, 필요, 수업, 인턴, 문서, 에너지, 자원"
사무담당자,인턴,3,도전,1,"변화, 활동, 모토, 봉사단, 봉사, 예산, 기획, 스스로, 추구, 열정, 개월, 도전, 성장, 초중고, 시절, 적극, 학생, 대입, 수험, 생활"
사무담당자,인턴,4,성공,1,"주제, 크라우드펀딩, 경험, 경시대회, 내용, 선정, 저희, 생각, 시장, 발전, 방법, 인재상, 부합, 한국거래소, 경시, 대회, 참가, 작년, 선후배, 참여"
사무담당자,인턴,5,역량,1,"회사명, 국민, 직원, 사업, 인사, 업무, 공사, 내부, 우리, 생활, 기초, 부분, 차지, 수자원, 행복, 이바지, 세계, 문제, 만큼, 역할"
사무보조,신입,1,경험,7,"업무, 직무, 진행, 봉사, 활동, 생각, 동아리, 콘텐츠, 환경, 브랜드, 영상, 팀원, 사람, 조직, 경험, 상황, 도움, 스태프, 수행, 이해"
사무보조,신입,2,지원동기,2,"서비스, 우주, 멤버십, 회사명, 활동, 구독, 혜택, 업무, 관심, 기획, 콘텐츠, 수행, 생각, 시간, 효율, 프로모션, 출시, 플랫폼, 패스, 기본"
사무보조,신입,3,자기소개,1,"활동, 도전, 진행, 시도, 자신, 달성, 축제, 이벤트, 연극, 직무, 콘텐츠, 회사, 방식, 대학, 생활, 동안, 교내, 봉사, 서포터즈, 다양"
사무보조,신입,4,직무,1,"업무, 광고주, 광고, 마케팅, 메인, 플랜, 상품, 운영, 성과, 기금, 신입, 상황, 해결, 관리, 효율, 기존, 예산, 매체, 의견, 추가"
사무보조,신입,5,윤리의식,1,"회사, 생각, 윤리, 개인, 행동, 이미지, 규율, 공동체, 결정, 배경, 사람, 직원, 자신, 실천, 실현, 하나, 노력, 공공, 기관, 영향"
사무보조,신입,6,성장과정,1,"경험, 사람, 적극, 생활, 부모, 자세, 발전, 대학, 인생, 가르침, 무엇, 사이, 대인, 관계, 초등학교, 학급, 위원, 선출, 반장, 친구"
사무보조,신입,7,장단점,1,"근로, 선배, 입력, 경험, 목표, 성격, 정보, 인정, 생각, 시작, 의식, 직무, 긍정, 영향, 확신, 대학교, 학술, 정보원, 처음, 신입"
사무보조,인턴,1,경험,2,"실습, 봉사, 활동, 생각, 거제시, 기능, 시간, 반디, 가입, 담당, 선생, 필요, 독거, 노인, 계획, 부분, 작품, 동작, 방법, 연결"
사운드엔지니어,신입,1,경험,1,"음악, 노래, 영상, 음원, 생각, 스토리, 차트, 콘텐츠, 영향, 최근, 예전, 안무, 시각, 요인, 만큼, 다양, 이별, 페이지, 직무, 소비"
사회복지사,신입,1,경험,3,"퇴직, 업무, 연금, 근로자, 수행, 이해, 목표, 지급, 기관, 사업주, 제도, 고객, 구성원, 해외, 사회, 관리, 직무, 바탕, 신속, 신뢰"
사회복지사,신입,2,직무,1,"장애인, 사회, 회사명, 수행, 이해, 봉사, 활동, 생각, 보호, 경험, 적응, 훈련, 요리, 향상, 심리, 욕구, 직무, 우선, 주말, 여가"
생산·공정관리자,신입,1,성장과정,1,"민원, 업무, 보수, 기사, 관계, 친밀, 시설, 해결, 방식, 형성, 효율, 생각, 처리, 증가, 학교, 인턴, 근무, 당시, 일방, 전화"
생산·공정관리자,신입,2,경험,1,"구매, 재료, 직무, 창고, 합리, 분석, 문제, 작품, 진행, 발생, 리스트, 필요, 감소, 비용, 학부, 재고, 파악, 종류, 해결, 졸업"
생산·공정관리자,신입,3,도전,1,"생산, 설비, 지식, 공정, 계획, 수립, 분석력, 효율, 집행, 방식, 예산, 지출, 필요, 개선, 운영비, 기존, 졸업, 작품, 모터, 향상"
생산직종사자,신입,1,경험,18,"경험, 시간, 생각, 결과, 설계, 아르바이트, 노력, 팀원, 개선, 문제, 회로, 직무, 사람, 이용, 아이디어, 자격증, 정비, 산업, 해결, 취득"
생산직종사자,신입,2,성장과정,5,"기본, 생각, 학생, 경험, 시간, 업무, 프로젝트, 선생, 기술, 작업, 행동, 문화, 친구, 생활, 이해, 때문, 다양, 전공, 사기, 동료"
생산직종사자,신입,3,역량,3,"생산, 문제, 분석, 재료, 지식, 점검, 경험, 생각, 직무, 업무, 발전기, 해결, 확인, 설비, 효율, 예방, 정비, 개선, 품질, 합성"
생산직종사자,신입,4,직무,3,"공정, 생산, 직무, 부서, 생각, 진행, 능력, 자세, 기획, 경험, 시간, 수행, 설계, 기업, 협력, 소통, 역량, 분석, 개선, 가지"
생산직종사자,신입,5,지원동기,3,"산업, 기초, 회사, 반도체, 자동차, 역량, 분야, 부품, 국내, 기술력, 발휘, 경쟁력, 기술, 세계, 지원, 검사, 석유, 화학, 생산, 회사명"
생산직종사자,신입,6,강점,2,"환경, 업무, 생각, 적극, 팀원, 경영, 지식, 계통, 진행, 부분, 경험, 사용, 자세, 향상, 공구, 석유, 화학, 업계, 향후, 트렌드"
생산직종사자,신입,7,성격,2,"생각, 업무, 방법, 주유, 행동, 생산, 라인, 부품, 조달, 검사, 불편, 효율, 해결, 고민, 과정, 바벨, 운동, 실행력, 경험, 중요"
생산직종사자,신입,8,비전,2,"배터리, 공정, 생산, 능력, 현장, 경험, 발전, 최대, 구축, 제조, 이해, 개선, 성격, 시절, 실습, 업무, 생각, 구성원, 회사명, 규모"
생산직종사자,신입,9,극복,1,"문제, 해결, 장점, 단점, 발생, 생산, 극복, 스스로, 판단, 능력, 공정, 웨이퍼, 슬릿, 현장, 취미, 스트레스, 결정력, 실습, 진행, 로더"
생산직종사자,신입,10,문제해결,1,"체험, 중국, 브랜드, 마케팅, 시장, 바링허우, 겨냥, 회사명, 소비, 아이스크림, 전략, 카페, 오픈, 소비자, 기회, 제공, 소프트, 제품, 생각, 국민"
설계엔지니어,신입,1,경험,6,"고객, 해석, 경험, 분석, 전산, 설계, 이해, 진행, 생각, 기법, 버스, 프로젝트, 공정, 지역, 외부, 역량, 과정, 공부, 기계, 유체"
설계엔지니어,신입,2,직무,4,"설계, 개발, 생각, 방식, 업무, 기술, 체계, 입사, 제작, 활용품, 고정, 엔지니어, 진행, 경험, 생산, 창의, 효율, 이용, 지식, 바탕"
설계엔지니어,신입,3,지원동기,4,"생산, 시스템, 기술, 설계, 기계, 이론, 지원, 플랜트, 설비, 연구원, 제품, 전자, 공정, 실습, 생각, 학습, 기사, 산업, 안전, 제어"
설계엔지니어,신입,4,성장과정,3,"목표, 신뢰, 계획, 순간, 포기, 노력, 도전, 라이딩, 파일, 자신, 업무, 약속, 때문, 생활, 다양, 지식, 생각, 작성, 엑셀, 학생"
설계엔지니어,신입,5,장단점,2,"성격, 선택, 분석, 회로, 확인, 진행, 걱정, 준비, 경우, 적용, 능력, 장점, 프로젝트, 램프, 회전, 작동, 작성, 문제, 오류, 스스로"
설계엔지니어,신입,6,극복,1,"분석, 통계, 기법, 검정, 연구, 변량, 천식, 논문, 악화, 환자, 영상, 학습, 졸업, 유의미, 변수, 고려, 신뢰, 검증, 치료, 전후"
설계엔지니어,신입,7,역량,1,"사용, 기술, 생각, 과정, 개발, 지식, 진행, 전시회, 아두이노, 마이크로, 펌프, 졸업, 작품, 기본, 직무, 소통, 필요, 작업, 관심, 학교"
설문·리서치,신입,1,경험,6,"데이터, 분석, 활동, 노력, 참여, 학생, 연구, 때문, 팀원, 코딩, 세션, 회원, 변화, 아이디어, 활용, 생각, 고객, 가능, 결과, 다양"
설문·리서치,신입,2,성격,1,"분야, 다양, 교수, 적극, 도전, 윤석철, 인문학, 과학, 방법, 지식, 복합, 기업, 생활, 공부, 능력, 대학교, 학년, 포럼, 자극, 자연"
설문·리서치,신입,3,강점,1,"분석, 현대해상, 데이터, 성장, 고객, 통계학, 기법, 분기, 개선, 유지, 가치, 빅데이터, 시절, 수학, 과목, 공부, 연구, 모델, 상품, 시장"
설문·리서치,신입,4,장단점,1,"사람, 노력, 대학원, 과정, 결과, 통계, 학생, 고려, 준비, 생각, 실천, 학과, 프로그램, 열정, 자발, 도전, 능동, 대학교, 진학, 미래"
설문·리서치,신입,5,지원동기,1,"고객, 게임, 통계, 네오위즈게임즈, 분석, 생각, 통계학, 회사, 다양, 사회, 데이터, 능력, 사고, 역할, 중요, 목표, 핵심, 관리, 무엇, 프로그램"
설문·리서치,신입,6,성장과정,1,"야구, 건강, 사람, 경기, 스트레스, 생각, 운동, 통계, 관심, 때문, 학교, 봉사, 마음, 실천, 심장병, 가정, 평소, 일상, 피곤, 야구장"
설비엔지니어,신입,1,성장과정,1,"목표, 도전, 최고, 아르바이트, 성적, 경험, 학년, 최선, 학교, 부분, 다양, 마음가짐, 고등학교, 활동, 지망, 지원, 선생, 공부, 기억, 생각"
설비엔지니어,신입,2,경험,1,"특허, 분류, 목표, 저희, 끈기, 지식, 협업, 보고서, 설비, 전공, 준비, 도면, 부분, 완성, 기준, 정량, 분석, 고장, 능력, 필요"
설비엔지니어,신입,3,역량,1,"분석, 설비, 개발, 파악, 가지, 문제, 확인, 능력, 원인, 램프, 작동, 발견, 경험, 단계, 센서, 문제점, 배관, 해결, 제어, 활용"
설비엔지니어,신입,4,직무,1,"설계, 고정, 방식, 활용품, 효율, 절감, 이용, 결과, 창의, 발상, 향상, 원가, 제작, 부분, 구상, 발생, 도중, 측정, 지름, 설비"
설비엔지니어,인턴,1,경험,3,"설계, 문제, 시간, 기간, 완성, 자율, 주행, 생각, 준비, 도면, 소통, 매대, 사람, 로봇, 청소기, 프로젝트, 코딩, 모터, 실드, 회로도"
설비엔지니어,인턴,2,직무,1,"설비, 분야, 고장, 정비, 능력, 진단, 발전, 다양, 발생, 문제, 전문, 검사, 사용, 인재, 운용, 과정, 운전, 이상, 예방, 상황"
설비엔지니어,인턴,3,비전,1,"설비, 정비, 발전, 재생, 에너지, 경험, 전력, 전문, 운전, 중요, 한전, 산업, 운영, 기술, 다양, 경상, 이상, 신뢰도, 검사, 안정"
설치·수리기사,신입,1,경험,11,"헌혈, 제품, 공부, 장비, 공정, 처음, 생각, 경험, 반도체, 진행, 팀원, 의료, 기기, 건강, 노력, 엔지니어, 시작, 준비, 사람, 시간"
설치·수리기사,신입,2,성장과정,4,"노력, 업무, 아버지, 분야, 공정, 과정, 합금, 교육, 부분, 기존, 시간, 사실, 엔지니어, 목표, 개선, 제작, 강도, 분석, 매뉴얼, 해결"
설치·수리기사,신입,3,강점,2,"소통, 습관, 의료, 기기, 직무, 서비스, 확인, 정확, 고객, 경험, 검수, 업무, 처리, 원활, 제공, 생활, 외국인, 도우미, 순위, 사항"
설치·수리기사,신입,4,지원동기,2,"소통, 지식, 직무, 생각, 서비스, 시절, 능력, 준비, 엔지니어, 학교, 기계, 전공, 자격증, 미쓰비시, 전기, 지원, 고객, 제공, 바탕, 각종"
설치·수리기사,신입,5,직무,2,"경험, 고객, 서비스, 관심, 기업, 근무, 코리아, 반도체, 공정, 장비, 생각, 제작, 신속, 정확, 운영, 고객사, 이해, 센터, 유선, 졸업"
설치·수리기사,신입,6,전공,1,"고객, 기술, 제공, 제품, 생각, 보일러, 중심, 경동나비엔, 사고, 문제, 발생, 지진, 사람, 저감, 노력, 에너지, 엔지니어, 서비스, 국한, 미세"
설치·수리기사,신입,7,성격,1,"시간, 준비, 도착, 아침, 저희, 여유, 학교, 통학, 수업, 사람, 약속, 사장, 과제, 검색, 성적, 하루, 아침밥, 생활신조, 시계, 행동"
세무담당자,신입,1,성장과정,1,"보험, 이야기, 수술, 위험, 집안, 생각, 이득, 자신, 손해, 금액, 아버지, 투자, 하나, 수단, 보험료, 납입, 때문, 부모, 학년, 걱정"
세무담당자,신입,2,지원동기,1,"리스크, 관리, 데이터, 보험, 사회, 생각, 생명, 통계학, 무엇, 관련, 금융, 수업, 보험업, 활용, 업계, 계약, 적합, 측정, 관심, 능력"
소프트웨어개발자,신입,1,경험,6,"보안, 프로젝트, 진행, 팀원, 업무, 분석, 팀장, 시간, 동기, 일정, 정보, 취약점, 결과, 생각, 프로그램, 시작, 작성, 디지털, 한국, 사람"
소프트웨어개발자,신입,2,역량,1,"조사, 발생, 자료, 결과, 팀원, 현장, 실수, 문제, 개선, 예방, 기획, 부분, 발견, 이유, 기록, 정리, 생각, 입력, 원인, 분석"
소프트웨어개발자,신입,3,성장과정,1,"중국어, 목표, 도전, 노력, 학습, 개발, 관심, 과정, 단계, 분야, 흥미, 언어, 알고리즘, 학창, 시절, 습득, 달성, 기술, 스택, 중국"
소프트웨어개발자,신입,4,직무,1,"보안, 발전, 열정, 정보, 보호, 시스템, 잠재력, 원동력, 지원자, 사람, 전자, 기기, 고장, 분해, 취미, 기분, 문제, 해결, 흥미, 생활"
소프트웨어개발자,인턴,1,경험,2,"문제, 해결, 경험, 체온, 불법, 주정차, 데이터, 현실, 활용, 측정, 과정, 사용자, 전공, 지식, 함양, 컴퓨터, 디지털, 다양, 노력, 응용"
소프트웨어개발자,인턴,2,지원동기,1,"구축, 경험, 발전, 사업, 한국서부발전, 업무, 스마트, 플랜트, 기여, 다양, 시스템, 기술, 기반, 데이터, 모바일, 플랫폼, 응용, 현장, 정보, 통신"
시설관리자,신입,1,경험,9,"안전, 실험, 준수, 매뉴얼, 동아리, 산업, 경험, 점검, 축제, 현장, 결과, 활동, 관리, 학생회, 바탕, 학년, 시간, 효율, 원칙, 생각"
시설관리자,신입,2,지원동기,4,"환경, 생각, 사람, 업무, 소통, 중요, 최고, 관련, 지원, 세계, 수행, 회사명, 가치, 공부, 케이터링, 분야, 주변, 노하우, 기술자, 복무"
시설관리자,신입,3,성장과정,2,"환경, 근무, 시간, 기술인, 가치, 전문, 최고, 정직, 생활신조, 신뢰, 직무, 초과, 주말, 사장, 생각, 부분, 실패, 도전, 건축, 전공"
시설관리자,신입,4,성격,1,"승부욕, 공부, 자신, 외유내강, 겉보기, 상황, 성격, 소유자, 강점, 노력, 끈기, 생활, 도전, 누구, 마음, 열의, 친구, 매사, 무엇, 배려"
시설관리자,신입,5,비전,1,"안전, 관리, 고객, 근로자, 업무, 소통, 요소, 생각, 환경, 이용, 위험, 요인, 수행, 사전, 개선, 우선, 경영, 장기, 회사명, 행복"
시설관리자,신입,6,강점,1,"시간, 노력, 때문, 실험, 준비, 효율, 토양, 실시, 탐방, 일정, 팀원, 우리, 기간, 점검, 수행, 지역, 과정, 최소, 진행, 주제"
시설관리자,신입,7,자기소개,1,"시간, 영향, 맞벌이, 부모, 누나, 여성, 놀림, 그것, 장점, 학교, 실습, 미술, 도움, 처리, 축제, 행사, 직무, 책임, 역할, 담당"
시설관리자,신입,8,도전,1,"안전, 생각, 감성, 의식, 근로자, 사람, 기업, 현장, 경험, 고취, 소통, 요즘, 추세, 경영, 안정, 투명, 작업, 부분, 발전, 지름길"
시설관리자,인턴,1,경험,4,"안전, 생각, 현장, 단체, 시간, 사람, 회사, 과정, 계획, 임원, 서로, 일정, 직업윤리, 종주, 도전, 건설, 소통, 극복, 교환, 학생"
시설관리자,인턴,2,가치관,1,"일정, 인원, 진행, 활동, 방문, 계속, 사람, 봉사, 현지, 입장, 타지, 때문, 상태, 악화, 복지, 회관, 아이, 상황, 과정, 상대방"
시설관리자,인턴,3,지원동기,1,"안전, 생각, 롯데건설, 프로그램, 열쇠, 윤리, 사회, 공헌, 경영, 창조, 아이디어, 적용, 우리, 나라, 초점, 환경, 활동, 독자, 상황, 관리"
시설관리자,인턴,4,성장과정,1,"안전, 원칙, 규율, 생각, 호기심, 습관, 시절, 자전거, 공학도, 학급, 학우, 모습, 모범, 뼛속, 유년, 별명, 천국, 만큼, 가지, 시도"
시스템엔지니어,신입,1,경험,36,"개발, 프로젝트, 생각, 시스템, 경험, 팀원, 서비스, 진행, 문제, 정보, 직무, 구현, 동아리, 활동, 업무, 능력, 해결, 기능, 필요, 과정"
시스템엔지니어,신입,2,지원동기,9,"생각, 시스템, 개발, 때문, 성장, 소프트, 고객, 티맥스, 전공, 지원, 기술, 기업, 직무, 발전, 지식, 분야, 활용, 도전, 기술력, 열정"
시스템엔지니어,신입,3,성장과정,9,"사람, 경험, 생각, 프로그래밍, 문제, 관심, 노력, 삼성전자, 수업, 도전, 학교, 활동, 야구, 지속, 긍정, 때문, 과정, 생활, 네트워크, 분야"
시스템엔지니어,신입,4,직무,7,"개발, 경험, 업무, 시스템, 언어, 분야, 소프트웨어, 생각, 환경, 이용, 제공, 도전, 진행, 회사, 사용, 스마트, 준비, 엔지니어, 능력, 소통"
시스템엔지니어,신입,5,변화,3,"생각, 봉사, 목표, 영어, 시작, 여행, 아이, 공부, 대학, 자신, 시간, 사람, 교육, 준비, 한국, 문화, 상황, 시절, 입학, 결과"
시스템엔지니어,신입,6,도전,2,"소통, 프로젝트, 시스템, 진행, 신뢰, 발전, 이해, 넥슨, 성장, 다우기술, 고객, 전문, 직무, 역량, 팀원, 회의, 서비스, 플랫폼, 서버, 작동"
시스템엔지니어,신입,7,성격,2,"기록, 사람, 장비, 판단, 생활, 마인드, 습관, 통신, 강조, 긍정, 혼자, 감정, 아버지, 때문, 업무, 부대, 시작, 관리, 아이, 칭찬"
시스템엔지니어,신입,8,장단점,2,"시간, 단점, 문제, 사람, 결정, 유럽, 친구, 모습, 경우, 원인, 과정, 모두, 결과, 쉼터, 화장실, 이후, 자유, 처음, 행동, 과제"
시스템엔지니어,신입,9,윤리의식,1,"내용, 공개, 생각, 업무, 이익, 기업, 기관, 추구, 기숙사, 위원회, 운영, 일반, 학생, 민원, 회의, 회사명, 서비스, 제공, 공익, 공공"
시스템엔지니어,신입,10,자기소개,1,"프로젝트, 수행, 팀장, 조교, 학생, 팀원, 능력, 의견, 역할, 수강, 수업, 교수, 노력, 대학, 시절, 리더쉽, 권력, 책임감, 진행, 가능"
시스템엔지니어,인턴,1,경험,6,"정보, 관리, 시스템, 경험, 처리, 프로젝트, 기능사, 전산, 현장, 설계, 개발, 컴퓨터, 생각, 업무, 사고, 비용, 해결, 디자인, 귀사, 소프트웨어"
시스템엔지니어,인턴,2,직무,2,"긍정, 사람, 삼성, 유럽, 경험, 에너지, 기능사, 생각, 취득, 생활, 한국, 분야, 정보, 학교, 세계, 다양, 자격증, 컴퓨터, 디자인, 처리"
시스템엔지니어,인턴,3,윤리의식,1,"국가, 국민, 정부, 생각, 기관, 직원, 행동, 고객, 신뢰, 뉴스, 공무원, 공기업, 공공, 근무, 얼굴, 표정, 어투, 면모, 모습, 간접"
심사,신입,1,직무,4,"보험, 과정, 실무, 경험, 고객, 손해, 필요, 사고, 손해보험, 손해사정사, 재물, 보험금, 무기, 정직, 사정, 관심, 공부, 지급, 실무자, 접수"
심사,신입,2,강점,1,"업무, 생각, 내용, 주변, 정신력, 친구, 긍정, 체력, 중요, 마음, 사람, 좌절, 극복, 환경, 끈기, 평가, 손해보험, 선배, 고객, 에너지"
심사,신입,3,가치관,1,"보험, 손해, 사정, 피보험자, 공감, 중요, 전역, 패기, 혼자, 무릎, 낙담, 실비, 가입, 사고, 대비, 전반, 예상, 어려움, 준비, 사람"
심사,신입,4,성장과정,1,"고객, 정직, 신뢰, 인기, 우선, 윤리, 의식, 장기, 형성, 기여, 근무, 경험, 당시, 형광, 염료, 셔츠, 때문, 심의, 신청, 당장"
심사,신입,5,장단점,1,"고객, 판매, 상품, 쇼핑몰, 실패, 관점, 구매, 자세, 창업, 지향, 마인드, 대학, 시절, 가격, 차별, 개월, 회원, 확보, 응대, 소홀"
심사,신입,6,경험,1,"고객, 기장, 수선, 갈등, 설득력, 해결, 불만, 부분, 만큼, 사항, 상품, 백화점, 근무, 경험, 손해, 사정, 직무, 불편, 계기, 경청"
심사,신입,7,성공,1,"설문, 조사, 조원, 기피, 파트, 헌신, 활동, 필요, 성공, 대학, 시절, 담당, 경험, 가지, 첫째, 조직, 생활, 팀원, 협력, 시작점"
심사,신입,8,성격,1,"사람, 신뢰, 생각, 고객, 처리, 중요, 주변, 배려, 상대방, 태도, 노력, 개발, 첨가제, 투입, 제품, 마음, 신속, 학창, 시절, 친구"
심사,신입,9,지원동기,1,"생각, 회사, 고객, 운전자, 보험, 중요, 선택, 성장, 그룹, 최고, 동지, 접촉, 사고, 상대방, 저희, 이유, 하나, 동반자, 때문, 역량"
앱개발자,신입,1,경험,69,"프로젝트, 개발, 생각, 진행, 경험, 구현, 시간, 기능, 팀원, 서버, 사용, 목표, 노력, 때문, 문제, 지식, 필요, 기술, 관리, 이용"
앱개발자,신입,2,지원동기,17,"시스템, 개발, 생각, 서비스, 기술, 고객, 정보, 경험, 다양, 프로젝트, 성장, 데이터, 기업, 구축, 제공, 지원, 분야, 통합, 바탕, 발전"
앱개발자,신입,3,성장과정,11,"사람, 생각, 노력, 시절, 대학, 소통, 경험, 목표, 생활, 컴퓨터, 고객, 공부, 발전, 책임감, 과정, 성장, 동아리, 이해, 정보, 전공"
앱개발자,신입,4,직무,8,"개발, 생각, 과정, 기술, 회사, 사람, 경험, 고객, 물류, 프로젝트, 분야, 어플리케이션, 정보, 서비스, 중요, 진행, 산업, 능력, 연구, 노력"
앱개발자,신입,5,장단점,7,"프로젝트, 단점, 노력, 장점, 해결, 성격, 배려, 사람, 메일, 서비스, 상대방, 마음, 사용, 생각, 중요, 포기, 협동심, 친구, 깊이, 직무"
앱개발자,신입,6,역량,7,"개발, 생각, 서비스, 시스템, 수업, 프로젝트, 프로그래밍, 경험, 주택, 국민, 이용, 언어, 안전, 수행, 전공, 대한, 고객, 맞춤, 능력, 관리"
앱개발자,신입,7,극복,3,"모습, 조직, 중요, 회사, 생각, 사람, 경험, 단점, 개월, 업무, 노력, 조언, 면접, 장점, 편견, 동안, 팀장, 자신, 구성원, 친구"
앱개발자,신입,8,강점,2,"팀원, 개발, 준비, 고객, 회사명, 신뢰, 전문, 사람, 서비스, 시스템, 업무, 편리, 구상, 구현, 지식, 에너지, 공모전, 간식, 발휘, 협력"
앱개발자,신입,9,전공,2,"개발, 알고리즘, 구현, 경험, 전공, 프로젝트, 구조, 과목, 로봇, 관리, 기능, 팀장, 진행, 공모전, 임베디드, 자신, 해당, 이론, 설계, 자료"
앱개발자,신입,10,성격,2,"소통, 고객, 팀원, 주제, 생각, 성과, 학년, 회장, 선생, 전공, 경청, 쌍방, 통행, 포기, 이것, 시간, 초등학교, 시절, 성장, 친구"
앱개발자,인턴,1,경험,5,"프로젝트, 교수, 시간, 업무, 생각, 개발, 역할, 봉사, 필요, 지도, 진취, 진행, 팀원, 과정, 해외, 개선, 목표, 공모전, 경험, 실패"
앱개발자,인턴,2,지원동기,3,"개발, 성장, 프로젝트, 네트워크, 게임, 경험, 컴퓨터, 기업, 유비쿼스, 적용, 인식, 비전, 러닝, 알고리즘, 연구, 기간, 사업, 지원, 아이디어, 공모전"
앱개발자,인턴,3,직무,2,"사업, 관리, 개선, 문제, 시스템, 사용자, 직원, 업무, 편의, 증진, 보람, 생각, 이해관계자, 요구, 사항, 발전, 신뢰, 형성, 해결, 설계"
앱개발자,인턴,4,협업,1,"팀장, 과제, 유학, 분위기, 설득, 도움, 의견, 갈등, 관리, 네트워킹, 기술, 영향, 대응, 당시, 소외, 회의, 진행, 참여, 이유, 우려"
앱개발자,인턴,5,장단점,1,"시작, 성격, 끈기, 책임감, 프로젝트, 동기, 집착, 별명, 정도, 과제, 문제, 포기, 의지, 개척, 학교생활, 와중, 아르바이트, 병행, 다수, 팀장"
앱개발자,인턴,6,성장과정,1,"공부, 공모전, 가족, 부모, 철학, 스스로, 친구, 학교, 생활, 고등학교, 환경, 누구, 과정, 프로그래밍, 관심, 아이디어, 대학원, 재학, 저희, 교육"
앱개발자,인턴,7,변화,1,"생각, 무엇, 기억, 시절, 컴퓨터, 흥미, 공부, 지금, 가지, 목표, 초등학교, 학년, 어머니, 성화, 학원, 처음, 평소, 적성, 프로그래밍, 순간"
앱개발자,인턴,8,성격,1,"성격, 친구, 시절, 내성, 단점, 성실, 사고, 학창, 고등학교, 대학교, 진학, 작용, 지금, 변화, 노력, 영향, 선호, 책임감, 현재, 어디"
앱개발자,인턴,9,도전,1,"게임, 하이, 생각, 개발, 엔지니어, 노력, 동료, 자기, 이번, 인턴십, 계기, 신입, 사원, 입사, 단기, 창의, 바탕, 적응, 이후, 장기"
영업관리,신입,1,비전,2,"사람, 영업, 유익, 도움, 성장, 생각, 자신, 하나, 구체, 이상, 인생, 사랑, 외면, 내면, 시련, 대처, 어려움, 공감, 담당자, 노하우"
영업관리,신입,2,경험,1,"사람, 유익, 생각, 공직, 고객, 준비, 외무, 공무원, 시험, 최종, 탈락, 직업, 포기, 마음, 과정, 제빵, 카페, 아르바이트, 편의, 중국인"
영업관리,신입,3,지원동기,1,"고객, 파악, 재고, 관리, 트렌드, 가성비, 경제, 불황, 시기, 시스템, 도입, 선호도, 시장, 영업, 회사, 사이, 중요, 최신, 의류, 유행"
영업지원,신입,1,경험,77,"고객, 생각, 경험, 직무, 상품, 업무, 시간, 결과, 진행, 목표, 문제, 학생, 소통, 때문, 기획, 판매, 매출, 필요, 행사, 영업"
영업지원,신입,2,지원동기,26,"고객, 성장, 서비스, 회사명, 생각, 업무, 직무, 편의점, 제공, 경험, 회사, 영업, 지원, 환경, 상품, 유통, 다양, 매장, 제품, 관리"
영업지원,신입,3,성장과정,25,"도전, 생각, 사람, 활동, 경험, 결과, 학생, 동아리, 다양, 노력, 목표, 구성원, 시절, 봉사, 업무, 고객, 회사명, 실패, 소통, 때문"
영업지원,신입,4,직무,20,"고객, 직무, 영업, 상품, 매출, 활동, 생각, 판매, 관리, 업무, 기업, 경험, 현장, 성장, 기획, 중요, 소통, 매장, 사람, 필요"
영업지원,신입,5,성격,9,"적극, 업무, 직무, 활동, 사람, 인사, 성격, 대학, 생각, 시간, 노력, 장점, 보완, 경쟁, 이후, 행사, 과정, 단점, 요구, 필요"
영업지원,신입,6,역량,5,"경험, 직무, 교육, 사람, 학생, 역량, 건강, 중국어, 활동, 통계, 관리, 고객, 때문, 연수, 인사, 기획, 중요, 영업, 해외, 소통"
영업지원,신입,7,장단점,5,"성격, 수행, 장점, 지향, 책임감, 업무, 사람, 경험, 노력, 고객, 소통, 다양, 모습, 끈기, 바탕, 동아리, 개월, 상황, 긍정, 서비스"
영업지원,신입,8,가치관,4,"물류, 생각, 생활, 공부, 배려, 시간, 때문, 생산, 목표, 노력, 편입, 공감, 가치관, 중요, 효율, 성장, 처음, 제품, 가치, 경제"
영업지원,신입,9,강점,3,"직무, 활동, 관련, 고객, 협찬, 수행, 보완, 경험, 지식, 프로그램, 강점, 노력, 능력, 업무, 최대한, 사람, 조직, 다양, 조직원, 단점"
영업지원,신입,10,핵심역량,3,"경험, 미팅, 다양, 동안, 매출, 현장, 증가, 행복, 욕구, 팀원, 이해도, 생각, 업무, 발주, 가지, 상품, 관리, 바탕, 결과, 학교"
영업지원,인턴,1,경험,14,"결과, 분석, 직무, 소통, 기획, 소비자, 다양, 고객, 생각, 기업, 파악, 경험, 공연, 진행, 목표, 동아리, 환경, 과정, 노력, 사람"
영업지원,인턴,2,직무,7,"영업, 소통, 직무, 직원, 유통, 성장, 경험, 맥주, 동원, 식품, 매출, 능력, 생각, 분석, 바탕, 회사명, 여성, 역량, 소비자, 고객"
영업지원,인턴,3,지원동기,4,"고객, 교육, 유통, 영업, 하이마트, 노력, 생각, 직무, 수행, 사람, 가치, 공감, 업계, 매출, 회사명, 지원, 성장, 경험, 중요, 복무"
영업지원,인턴,4,성장과정,3,"생각, 소통, 마음, 사업, 사람, 미소, 상황, 팀원, 영업, 직무, 가치관, 상대방, 시절, 갈등, 해결, 이해, 과정, 방법, 고객, 기업"
영업지원,인턴,5,역량,2,"물자, 관리, 해결, 공동, 인력, 경험, 소비, 장정, 차원, 문제, 측면, 운영, 방안, 개인, 상황, 성장, 곡선, 결과, 발전, 효율"
영업지원,인턴,6,장단점,2,"제품, 전략, 소비자, 상품, 밀레니얼, 이용, 편의점, 경쟁력, 세대, 생각, 환경, 소비, 제안, 가능, 특징, 패키징, 고객, 경험, 비닐, 봉투"
영업지원,인턴,7,비전,2,"경쟁력, 회사명, 전문가, 상권, 시장, 입사, 영업, 식품, 적극, 관리, 경험, 바탕, 업무, 년차, 담당, 매장, 전문, 회사, 과장, 실수"
영업지원,인턴,8,입사 후 목표,1,"최고, 하나투어, 직무, 영업, 분야, 여행, 가치관, 생각, 철학, 관리, 모습, 유사, 지원, 중요, 현장, 아르바이트, 관심, 시작, 이후, 인턴"
영업지원,인턴,9,극복,1,"책임감, 지속, 업무, 생각, 약점, 공장, 조립, 사원, 필요, 신뢰감, 추진력, 집중력, 사람, 신뢰, 관리, 방학, 이모부, 가구, 시작, 시선"
영업지원,인턴,10,변화,1,"입찰, 가격, 경쟁사, 전략, 저가, 영수증, 특수, 용지, 회사, 경험, 과정, 거래, 당시, 사이, 최종, 직무, 성공, 외주, 업체, 분석"
온라인마케터,신입,1,경험,25,"직무, 기획, 경험, 마케팅, 생각, 목표, 결과, 동아리, 업무, 활동, 노력, 진행, 기업, 고객, 분석, 시간, 제품, 광고, 제작, 다양"
온라인마케터,신입,2,직무,9,"마케팅, 고객, 기업, 생각, 필요, 기획, 서비스, 다양, 정보, 스포츠, 직무, 경험, 활용, 사람, 지원, 노력, 분석, 수집, 판매, 채널"
온라인마케터,신입,3,성장과정,9,"도전, 경험, 책임감, 캠프, 학생, 시절, 노력, 마케팅, 아이, 성장, 부모, 진학, 노르웨이, 시작, 과정, 순간, 포기, 고등학교, 학년, 대학"
온라인마케터,신입,4,지원동기,6,"생각, 고객, 마케팅, 바탕, 카드, 경험, 전략, 우리카드, 다양, 혜택, 진행, 학교, 인재, 제품, 페인트, 노루, 하나카드, 걱정, 사람, 목표"
온라인마케터,신입,5,장단점,3,"사람, 세상, 아버지, 생활, 경험, 팀원, 책임감, 주장, 업무, 아빠, 가치관, 자신, 바탕, 타인, 참여, 집중, 노력, 끈기, 활동, 행사"
온라인마케터,신입,6,자기소개,2,"사람, 국문과, 고객, 분야, 컨텐츠, 입장, 스포츠, 직장, 가치, 다양, 상트, 코리아, 지원, 누구, 태도, 관심, 책임, 전공, 국문, 텍스트"
온라인마케터,신입,7,강점,1,"마케팅, 고객, 전략, 기획, 글로벌, 런칭, 경험, 선정, 축제, 효과, 다양, 역량, 자동차, 초기, 개월, 영향, 설계, 협업, 텀블러, 특성"
온라인마케터,신입,8,변화,1,"우리카드, 생각, 고객, 업체, 업계, 위기, 기회, 가능, 결제, 향후, 제휴, 후발, 주자, 분기, 시장, 상반기, 순이익, 대비, 증가, 성장"
온라인마케터,신입,9,성격,1,"성격, 타입, 초면, 사람, 수줍음, 자체, 내면, 성향, 때문, 적응, 속도, 노력, 고민, 친구, 대화, 술자리, 체질"
온라인마케터,인턴,1,경험,10,"광고, 화장품, 업무, 분석, 의자, 환경, 변속기, 생각, 기획, 마케팅, 브랜드, 시간, 필요, 이용, 문제, 경험, 직무, 소비자, 유통, 사용"
온라인마케터,인턴,2,지원동기,2,"콘텐츠, 사람, 고민, 가치, 생각, 경험, 비즈니스, 활동, 네이버 웹툰, 마음, 고객, 영상, 신발, 회사, 지속, 건강, 매출, 실현, 광고, 사업"
온라인마케터,인턴,3,성장과정,2,"사람, 학술제, 노숙인, 준비, 축제, 기획, 경험, 필요, 목표, 추진력, 이전, 방식, 생각, 자리, 학과, 당시, 진행, 소시지, 성공, 책임감"
온라인마케터,인턴,4,강점,1,"도전, 디테일, 영역, 경험, 생각, 부분, 기업, 직무, 광고, 섭외, 시간, 업무, 때문, 축제, 아이, 미술, 시작, 개월, 공모전, 예산"
온라인마케터,인턴,5,직무,1,"공연, 언론사, 코피노, 자료, 필리핀, 이슈, 뉴스, 국내, 관심, 사회, 보도, 국제, 문제, 직무, 관련, 한계, 목표, 제보, 활용, 기사"
온라인마케터,인턴,6,전공,1,"수업, 과목, 편집, 영상, 세부, 전공, 기억, 실전, 선택, 학기, 촬영, 동영상, 시간, 과제, 학생, 기피, 위주, 방식, 수강, 뉴스"
온라인마케터,인턴,7,변화,1,"시장, 상황, 위기, 구성원, 국내, 성장, 소비, 경제, 기회, 제공, 생각, 회사, 개인, 기업, 능력, 서비스, 노력, 청년, 실업, 수치"
온라인마케터,인턴,8,역량,1,"고객, 능력, 경험, 마케팅, 바탕, 회사, 진정, 작업, 마음, 노력, 직무, 분석력, 관리, 시장, 통찰력, 영업, 실행, 역량, 기획력, 시절"
웹개발자,신입,1,경험,12,"개발, 진행, 프로젝트, 데이터, 사용, 경험, 과정, 프로그램, 협업, 공부, 열정, 필요, 생각, 사람, 시스템, 이해, 코드, 도전, 목표, 능력"
웹개발자,신입,2,지원동기,4,"생각, 개발, 회사명, 실무, 다양, 서비스, 개발자, 경험, 단계, 성장, 지원, 기술, 기초, 기업, 도전, 프로그램, 최고, 프로젝트, 역량, 필요"
웹개발자,신입,3,성장과정,4,"프로젝트, 경험, 팀원, 노력, 진행, 대학, 활동, 사람, 도움, 성공, 시절, 책임감, 사이트, 개발, 협업, 회의, 성장, 다양, 공부, 컴퓨터"
웹개발자,신입,4,역량,3,"커뮤니케이션, 생각, 팀원, 역량, 소통, 중요, 경험, 개발자, 프로젝트, 업무, 작업, 코드, 다양, 개발, 능력, 진행, 효율, 수행, 부분, 게시판"
웹개발자,신입,5,장단점,2,"폴더, 문제, 사용, 사진, 클라우드, 해결, 공유, 기능, 과정, 발생, 시간, 자료, 생각, 서비스, 무엇, 확인, 내용, 제공, 자체, 알고리즘"
웹개발자,신입,6,직무,2,"개발, 개발자, 금융, 라이브러리, 사용, 구현, 다양, 서비스, 노력, 수행, 과정, 동료, 향상, 열정, 고객, 경험, 제공, 생각, 티시스, 프로젝트"
웹개발자,신입,7,강점,2,"개발, 관리, 업무, 문제, 수행, 건강, 데이터베이스, 시스템, 역량, 파악, 능력, 개선, 과정, 수강, 프로젝트, 진행, 저희, 팀원, 결과물, 경험"
웹개발자,신입,8,극복,1,"구현, 디버깅, 단위, 프로젝트, 과정, 생각, 구조, 버그, 발생, 경험, 진행, 거부감, 효율, 고민, 경우, 리팩토링, 결과, 라인, 부족, 대학"
웹개발자,신입,9,성격,1,"우선순위, 중요, 긴급, 목표, 가지, 순위, 단점, 생각, 의식, 열정, 장점, 처리, 약점, 극복, 연습, 방법, 결과, 책임감, 사람, 달성"
웹개발자,신입,10,실패,1,"개선, 수행, 프로젝트, 업무, 진행, 테스트, 결과, 측정, 코드, 경험, 제품, 신뢰도, 향상, 활용, 목표, 자부심, 품질, 인턴, 근무, 담당"
웹개발자,인턴,1,입사 후 목표,1,"회사명, 서비스, 편리, 은행, 사용, 사람, 이것, 인상, 체크카드, 잔액, 확인, 무엇, 기록, 설명, 추가, 모임, 통장, 가능, 개발자, 직업"
웹개발자,인턴,2,역량,1,"연구실, 고민, 프로젝트, 당시, 홈페이지, 엔드, 사용, 흥미, 구현, 설계, 기술, 학부, 연구, 경험, 페이지, 선배, 디렉팅, 이해, 스프링, 부트"
웹기획,신입,1,변화,1,"무대, 판매, 노력, 콘서트, 기어, 도전, 부족, 영상, 갤럭시, 역량, 발전, 기타, 관객, 경험, 재고, 모델, 업무, 근로자, 회사명, 행사"
웹기획,신입,2,도전,1,"테스트, 게임, 직무, 개발, 모바일, 과정, 제품, 과일, 넥슨, 문제점, 해당, 버그, 전문, 다양, 개선, 출시, 담당, 정의, 완성도, 생각"
웹기획,신입,3,직무,1,"계산기, 과제, 자바, 구현, 프로젝트, 리더, 참여, 교육, 과정, 기본, 연산, 동안, 수업, 제공, 기능, 재현, 학습, 최고, 프로그래밍, 이해"
웹기획,신입,4,경험,1,"발주, 개발, 경험, 제품, 프로젝트, 주문, 어플리케이션, 시간, 판매, 감정, 바코드, 방식, 사용, 결과, 스캔, 점포, 경우, 재고, 방법, 졸업"
의사,신입,1,변화,1,"교수, 동영상, 감사, 스승, 선물, 물질, 생각, 총학생회, 시간, 행사, 성공, 도전, 기회, 학년, 운영, 부장, 활동, 인사, 지금, 표시"
의사,신입,2,성장과정,1,"먼저, 생각, 후임, 사고, 처음, 리더십, 복무, 시절, 부사관, 자살, 시도, 그때, 계급, 상병, 의무대, 업무, 위치, 모두, 새벽, 목소리"
의사,신입,3,경험,1,"의견, 금연, 서포터즈, 활동, 생각, 역경, 수료, 직무, 저희, 충돌, 피켓, 아이디어, 역할, 경험, 말씀, 전역, 대외, 관심, 선택, 지역"
인바운드상담원,신입,1,경험,3,"학생, 생활, 정보, 대화, 필요, 환경, 친구, 지속, 외국, 활동, 처음, 외국인, 마음, 시작, 이후, 공유, 위급, 상황, 지원, 학교"
인바운드상담원,신입,2,장단점,3,"상대, 상황, 배려, 대화, 생각, 거절, 시간, 결정, 누구, 자신, 근성, 노력, 감량, 표현, 단어, 정감, 필수, 요건, 자리, 언행"
인바운드상담원,신입,3,성장과정,2,"회사, 업무, 아이, 인턴, 책임감, 생각, 레이더, 사람, 관리, 경쟁력, 사장, 중요, 동료, 정확, 처리, 샘플, 철저, 진행, 방식, 개선"
인바운드상담원,신입,4,직무,2,"고객, 기업, 분석, 노력, 경험, 목표, 데이터, 플러스, 역량, 위메프, 소리, 대학, 시절, 이탈, 방지, 다양, 서비스, 개선, 기여, 통신"
인바운드상담원,신입,5,강점,2,"생각, 상품, 메일, 다양, 고객, 사람, 쇼핑, 소리, 이야기, 강점, 위메프, 서비스, 시간, 훈련, 영업, 하나, 상대방, 직무, 가지, 발휘"
인바운드상담원,신입,6,극복,1,"엄마, 중학교, 아빠, 공부, 성적, 한문, 중국어, 사범대, 실패, 인생, 편입, 억척, 막내딸, 이상, 공부방, 운영, 회원, 학생, 관리, 품행"
인바운드상담원,신입,7,지원동기,1,"고객, 제품, 직무, 영업, 상품, 업무, 완구, 판매, 이해, 생각, 트렌드, 동료, 소통, 매출, 추천, 무엇, 수행, 필요, 가지, 역량"
인바운드상담원,신입,8,자기소개,1,"사람, 고객, 종류, 요구, 세상, 다양, 사연, 각각, 개인, 서비스, 제공, 경청, 자세, 신중, 성격"
인바운드상담원,신입,9,성격,1,"자신, 성격, 책임감, 사람, 단점, 장점, 교훈, 사교, 행동, 인연, 배신, 완수, 직성, 친구, 성실, 중요, 오해, 실수, 다양, 방향"
인사담당자,신입,1,경험,12,"업무, 교육, 직무, 관련, 동아리, 팀원, 인사, 수행, 진행, 구성원, 기업, 시간, 활동, 신입, 작성, 탐방, 채용, 경험, 임직원, 내용"
인사담당자,신입,2,지원동기,6,"직무, 교육, 생각, 조직, 직원, 역량, 회사, 기업, 발전, 인재, 지원, 문화, 조직원, 개발, 인사, 지속, 기여, 중요, 협력, 미래"
인사담당자,신입,3,직무,5,"직무, 인사, 교육, 생각, 사람, 회사, 문화, 기획, 인재, 기업, 직원, 가치, 공연, 수행, 역량, 업무, 때문, 인턴, 한국, 입사"
인사담당자,신입,4,성장과정,4,"사람, 책임감, 활동, 대학, 행사, 참여, 기획, 장점, 동생, 생각, 자연, 시절, 직무, 공유, 경험, 중요, 성실, 도전, 문제, 조직"
인사담당자,신입,5,강점,3,"노사, 팀원, 조직, 고민, 증설, 관계, 상황, 포기, 생각, 업무, 생산, 관리, 직무, 대응, 문화, 활동, 어려움, 장점, 끈기, 해결"
인사담당자,신입,6,자기소개,3,"업무, 벽화, 부대, 실패, 관리, 사람, 시간, 노력, 저희, 공동체, 사회, 활동, 채색, 학생, 도면, 비판, 자세, 성격, 때문, 이익"
인사담당자,신입,7,극복,2,"활동, 직무, 팀원, 이전, 결과, 당시, 기획, 경험, 때문, 디자인, 역할, 부문, 주변, 재단, 대사, 네트워킹, 부족, 시각, 차이, 운영"
인사담당자,신입,8,변화,2,"지역, 인력, 목표, 직무, 공장, 본부, 기능, 현대자동차, 맞춤, 사업, 전략, 유럽, 방안, 입사, 수요, 업무량, 분석, 때문, 조사, 기술"
인사담당자,신입,9,성격,2,"의견, 사람, 감사, 직무, 과제, 과정, 생각, 성격, 팀원, 결정, 추진, 주제, 다양, 자세, 작성, 업무, 경청, 그룹, 마무리, 기술"
인사담당자,신입,10,직무역량,2,"기획력, 자료, 분석력, 지식, 경쟁력, 바탕, 인사, 직무, 노동법, 석유, 화학, 기업, 공정, 처리, 능력, 운영, 최적화, 차별, 기술, 역량"
인사담당자,인턴,1,경험,4,"업무, 경험, 성공, 생각, 사람, 직무, 고객, 스크립트, 시간, 펀딩, 전략, 관계, 판매, 달성, 팀원, 성과, 데이터, 문제, 분야, 표현"
인사담당자,인턴,2,장단점,3,"후회, 결과, 시절, 노력, 생각, 팀워크, 목표, 근성, 자신, 다이어트, 학창, 면접, 개선, 리더, 불만, 구성원, 감량, 인턴, 시험, 성적"
인사담당자,인턴,3,성장과정,3,"업무, 생각, 인사, 책임감, 하나, 회사, 용역, 어머니, 인턴, 정확, 관리, 사람, 노동법, 프로젝트, 진행, 포기, 사랑, 저희, 사장, 동료"
인사담당자,인턴,4,지원동기,2,"인사, 직원, 업무, 회사, 생각, 법무, 도시락, 자신감, 리더십, 네트웍, 전문, 사내, 지원, 폭탄, 능력, 자신, 경청, 퀄리티, 솔루션, 한일"
인사담당자,인턴,5,실패,1,"인턴, 정규직, 노력, 퇴근, 감량, 경험, 회사, 기회, 다이어트, 입학, 시절, 하루, 시간, 이상, 결과, 마음, 계약직, 경영, 확신, 본사"
인사담당자,인턴,6,도전,1,"발음, 서로, 협력, 때문, 노력, 소통, 생각, 환경, 마련, 영어, 대화, 어려움, 중요, 출근, 얼굴, 회사, 무엇, 이야기, 모두, 마음"
인사담당자,인턴,7,성격,1,"생각, 긍정, 마인드, 중요, 미소, 경청, 고민, 단점, 결과, 감사, 문구, 찬양, 구절, 부분, 첫째, 강점, 그때, 좌절, 순간, 자신감"
자재관리자,신입,1,경험,35,"물류, 생각, 업무, 고객, 경험, 목표, 노력, 시간, 소통, 분석, 결과, 관리, 진행, 직무, 중요, 서비스, 영업, 도전, 효율, 당시"
자재관리자,신입,2,성장과정,17,"준비, 생각, 물류, 목표, 자세, 노력, 성장, 친구, 고객, 시간, 사람, 경험, 부모, 학교, 영어, 때문, 도전, 공부, 중요, 결과"
자재관리자,신입,3,지원동기,10,"고객, 생각, 물류, 기업, 상품, 관리, 회사명, 구매, 매장, 노력, 서비스, 택배, CJ대한통운, 필요, 한진, 경제, 경영, 직무, 성장, 분류"
자재관리자,신입,4,역량,7,"물류, 관리, 고객, 경험, 지식, 운영, 능력, 생산, 업무, 직무, 생각, 서비스, 소통, 현장, 필요, 관련, 수행, 국제, 운송, 역량"
자재관리자,신입,5,직무,7,"물류, 기업, 글로벌, 성장, 영업, 효성, 트랜스, 월드, 고객, 도전, 직무, 역량, 운영, 업무, 바탕, 전공, 중요, 가치, 유통, 효율"
자재관리자,신입,6,가치관,5,"물류, 고객, 생각, 기업, 신뢰, 중요, 도전, 정직, 이익, 다리, 공부, 시장, 경쟁력, 내일, 애정, 모습, 노력, 발전, 성장, 창출"
자재관리자,신입,7,도전,3,"해결, 업무, 문제, 개선, 경험, 필요, 생각, 고객, 자신감, 정상, 기업, 효율, 안목, 무엇, 불편, 방법, 결과, 활용, 지식, 운영"
자재관리자,신입,8,성격,3,"성격, 사람, 문제, 결정, 아르바이트, 질문, 실수, 친구, 한국어, 단점, 내용, 시간, 시작, 두려움, 누구, 이후, 노력, 자신, 처리, 중국어"
자재관리자,신입,9,비전,2,"물류, 기업, 현대글로비스, 고객, 글로벌, 대한통운, 기사, 생각, 성장, 운영, 파악, 적극, 전문가, 인재, 택배, 자녀, 학자금, 지원, 학기, 사람"
자재관리자,신입,10,전공,2,"여행, 경험, 생각, 물류, 시간, 아르바이트, 능력, 방법, 기업, 바다, 동원, 회사, 동부익스프레스, 인생, 중요, 산업, 동시, 노하우, 문제, 해결"
자재관리자,인턴,1,경험,6,"프로젝트, 키오스크, 생각, 서비스, 경험, 결과, 매장, 물류, 과정, 업무, 분석, 고객, 유통, 업체, 제품, 팀원, 자료, 목표, 절감, 노력"
자재관리자,인턴,2,지원동기,3,"물류, 업무, 한진, 상품, 직무, 성장, 전문, 서비스, 최고, 기업, 운영, 약국, 약사, 자격증, 제품, 처방, 배치, 수준, 고객, 영업"
자재관리자,인턴,3,가치관,3,"물류, 경험, 성장, 현대글로비스, 산업, 기업, 해외, 역할, 회사, 인턴십, 때문, 운송, 서비스, 핵심, 사람, 글로벌, 체계, 사업, 도전, 추구"
자재관리자,인턴,4,성장과정,2,"준비, 성공, 계획, 생각, 철저, 노력, 성장, 시절, 과정, 업무, 자세, 적응, 인턴십, 고등학교, 플랜맨, 실패, 가치관, 결과, 초등학교, 준비물"
자재관리자,인턴,5,비전,1,"물류, 현대글로비스, 경험, 업무, 전문가, 글로벌, 다양, 인턴, 목표, 부서, 선배, 영업, 국내, 성장, 기업, 시각, 운영, 운송, 세계, 단기"
자재관리자,인턴,6,변화,1,"물류, 현대글로비스, 기업, 트럭, 부착, 사업, 생각, 시스템, 정비, 정보, 취합, 관리, 공유, 업체, 연결, 데이터, 서비스, 제공, 산업, 혁명"
자재관리자,인턴,7,장단점,1,"목표, 장단점, 이야기, 고등학교, 졸업, 합격, 주변, 지인, 가지, 도달, 열정, 끈기, 인내력, 설정, 게으름, 나태, 공존, 정도, 공감, 자퇴"
재무담당자,신입,1,경험,25,"생각, 경험, 직무, 노력, 분석, 목표, 시간, 결과, 사업, 도전, 업무, 때문, 고객, 소통, 재무, 이해, 공부, 토론, 근무, 방식"
재무담당자,신입,2,직무,6,"원가, 업무, 분석, 수익, 직무, 관리, 사업, 에너지, 외환, 판매, 시장, 관련, 투자, 전반, 지식, 기준, 재무, 수출입, 공부, 무역"
재무담당자,신입,3,성장과정,4,"노력, 생각, 소통, 선택, 보완, 사람, 단체, 영어, 중요, 목표, 업무, 장점, 능력, 다양, 팀장, 관리, 자금, 입학, 추진력, 효율"
재무담당자,신입,4,강점,4,"회계, 재무, 직무, 업무, 지식, 관련, 기업, 이해, 재경, 공부, 경우, 때문, 습관, 활동, 자금, 조달, 실무, 능력, 회사, 지원"
재무담당자,신입,5,지원동기,3,"재무, 기업, 글로벌, 생각, 능력, 소재, 지원, 관련, 지식, 활용, 개발, 회계, 업무, 부서, 공부, 대우인터내셔널, 시장, 마련, 위험, 전문가"
재무담당자,신입,6,자기소개,1,"무역, 도전, 시험, 합격, 생각, 의류, 과목, 바탕, 전문가, 성장, 시절, 경제학, 전공, 자격증, 관세사, 벤더, 업계, 회계, 지식, 성찰"
재무담당자,신입,7,역량,1,"역량, 계획, 지식, 능력, 바탕, 회계, 예산, 협업, 재경, 직무, 중요, 자금, 관리, 생각, 과목, 전달, 하이브리드, 인재, 재무회계, 소통"
재무담당자,신입,8,회사선택,1,"성장, 가능, 기업, 지속, 사회, 포스코, 개인, 상생, 동반, 기준, 사업, 공존, 기획, 추구, 발전, 기여, 하나, 성취감, 역량, 회사"
재무담당자,신입,9,극복,1,"창업, 사업, 아르바이트, 상황, 투자, 임대료, 어려움, 활동, 유치, 지분, 수입, 시작, 당시, 해결, 주중, 공모전, 대신, 법인, 이후, 결과"
재무담당자,신입,10,전공,1,"경제, 경제학, 원론, 활용, 원리, 파악, 기본, 이해, 도구, 회계, 재무, 관리, 화폐, 금융, 재무회계, 재경, 업무, 이자, 인플레이션, 환율"
재무담당자,인턴,1,경험,3,"조사, 기업, 경험, 회사명, 업무, 교수, 경기, 담당자, 작년, 스터디, 규정, 역량, 해결, 책임감, 수업, 인터넷, 오류, 이유, 도움, 요청"
재무담당자,인턴,2,도전,1,"스타트업, 실패, 기업인, 벤처, 캐피탈, 효과, 지역, 회사명, 공공, 기관, 해외, 성장, 낙인, 경제, 창출, 번째, 제품, 구입, 투자, 바이어"
재무담당자,인턴,3,지원동기,1,"성장, 재무, 지식, 커리어, 게임, 가치, 제공, 습득, 관리, 회계, 전문가, 담당, 진행, 결과, 계획, 현장, 종사, 사람, 최소, 이상"
재무담당자,인턴,4,성공,1,"리스크, 부서, 이해, 프로젝트, 수행, 경험, 현직, 금융, 관점, 관리, 노력, 직무, 전문, 자격증, 취득, 공기업, 실무, 산학, 연계, 당시"
재무담당자,인턴,5,역량,1,"경영학, 영어, 지식, 이외, 일본어, 수업, 측면, 무역, 보험, 공사, 해외, 부문, 소통, 업무, 예상, 국어, 능력, 진가, 발휘, 모국어"
전기·전자엔지니어,신입,1,경험,50,"설계, 시간, 프로젝트, 경험, 전기, 생각, 목표, 때문, 업무, 직무, 회로, 결과, 시스템, 노력, 팀원, 필요, 전자, 이용, 과정, 발전"
전기·전자엔지니어,신입,2,지원동기,13,"생각, 기업, 설계, 경험, 회로, 진행, 회사명, 지원, 시스템, 개발, 전자, 프로젝트, 기술, 역량, 전기, 안전, 과정, 최고, 사회, 제품"
전기·전자엔지니어,신입,3,성장과정,9,"전기, 경험, 친구, 공학, 다양, 수업, 플랜트, 지식, 수학, 진학, 학년, 교육, 이후, 전공, 과정, 활동, 학교, 문제, 대학, 사람"
전기·전자엔지니어,신입,4,역량,8,"전기, 경험, 지식, 생각, 공학, 회사, 다양, 취득, 설계, 차량, 직무, 기계, 기사, 활동, 수업, 기업, 분야, 프로젝트, 전자, 학습"
전기·전자엔지니어,신입,5,직무,7,"설계, 전기, 제어, 설비, 창문, 동작, 가스, 회사, 제품, 센서, 상황, 기업, 생산, 생각, 직무, 고객, 회사명, 발전, 분야, 능력"
전기·전자엔지니어,신입,6,극복,5,"팀원, 프로젝트, 의견, 계획, 논문, 진행, 아이디어, 준비, 대회, 시간, 생각, 훈련, 때문, 소통, 결과, 업무, 목표, 로봇, 충돌, 발생"
전기·전자엔지니어,신입,7,전공,3,"서비스, 제공, 생각, 호텔, 스마트, 에너지, 전력, 대면, 사람, 시스템, 관련, 사례, 통화, 형태, 경험, 재생, 증가, 계통, 전압, 관계"
전기·전자엔지니어,신입,8,비전,3,"주파수, 업무, 기술, 상용, 생각, 안전, 통신, 한계, 비전, 산업, 전기, 제어, 설비, 설계, 뒷받침, 분석, 효율, 계획, 관리, 개발"
전기·전자엔지니어,신입,9,자기소개,2,"물음표, 열등감, 생각, 처음, 전기, 마침표, 부정, 긍정, 기계, 직무, 업무, 도전, 시간, 활용, 자격증, 취득, 기술, 융합, 유년, 시절"
전기·전자엔지니어,신입,10,도전,2,"전기, 친구, 파트, 산업, 기사, 계획, 전체, 의견, 분야, 명장, 세계, 강의, 취득, 이바지, 성장, 축제, 연습, 부반장, 시간, 모습"
전기·전자엔지니어,인턴,1,경험,5,"에너지, 청소, 전기, 결과, 태양광, 기사, 재생, 발전, 설계, 지식, 처음, 정상, 구역, 세면장, 치약, 필수, 한국, 효율, 상승, 목표"
전기·전자엔지니어,인턴,2,지원동기,1,"사람, 회사, 주공, 아파트, 손길, 미래, 인재상, 때문, 입사, 자격증, 공부, 기초, 생활, 수급자, 가난, 형편, 줄기, 건축, 소식, 자리"
전기·전자엔지니어,인턴,3,변화,1,"전력, 시장, 투자, 회사명, 산업, 형성, 상황, 생각, 잉여, 물리, 장치, 저장, 방식, 에너지, 저금통, 전기, 부족, 안정, 수급, 기여"
전기기사,신입,1,경험,18,"전기, 직무, 친구, 공부, 사용, 발생, 프로젝트, 문제, 능력, 경험, 수행, 업무, 작품, 관리, 설비, 지식, 목표, 진행, 전력, 때문"
전기기사,신입,2,비전,3,"에너지, 사업, 원전, 해체, 관심, 목표, 재생, 지역난방공사, 절감, 플랜트, 산업, 수행, 용량, 분야, 최근, 발전, 환경, 중요, 부족, 전기"
전기기사,신입,3,직무,2,"전기, 후배, 공부, 이해, 멘토링, 프로그램, 성적, 학생, 기본, 직무, 과목, 멘티, 선배, 수업, 멘토, 회사, 발전기, 전력, 분석, 시스템"
전기기사,신입,4,자기소개,1,"기술, 융합, 조립, 전자, 분야, 가능, 발명, 직무, 아이디어, 고안, 경험, 핀셋, 작업, 연기, 흡입, 창출, 인재, 특허, 특성화고, 재학"
전기기사,신입,5,장단점,1,"포장, 단점, 극복, 학부, 작품, 장점, 처리, 시설, 관리, 공단, 종량제, 봉투, 사무원, 근무, 배송, 검수, 판단, 생각, 휴대폰, 메모장"
전기기사,신입,6,지원동기,1,"관심, 전기, 환경, 관리, 업무, 회사명, 엔지니어, 산업, 매립지, 공사, 직무, 설비, 바탕, 시설, 안전, 공단, 종량제, 봉투, 판매, 배송"
전기기사,신입,7,협업,1,"제어, 시스템, 설계, 작품, 지식, 알고리즘, 작성, 결과, 노력, 사람, 전력, 스마트, 졸업, 구현, 기존, 개선, 사용, 방식, 휴대폰, 버튼"
전기기사,신입,8,극복,1,"프로젝트, 직무, 소통, 때문, 의견, 문제, 해결, 유학, 협업, 중요, 논리, 회로, 말레이시아, 구성, 배정, 조장, 누구, 하나, 열외, 마음"
전기기사,신입,9,역량,1,"마음, 고객, 봉사, 동아리, 사람, 행복, 추구, 시설, 활동, 경험, 공연, 사회, 배려, 장애인, 청소년, 구성원, 진행, 사회인, 의식, 회사명"
제품디자이너,신입,1,경험,3,"작업, 전시, 디자인, 참여, 팀원, 공동, 시간, 제품, 공부, 과목, 성적, 인원, 계획, 공간, 협력, 한국사, 졸업, 일정, 효율, 때문"
제품디자이너,신입,2,성격,2,"카페, 공간, 전시, 작품, 사람, 디스플레이, 생각, 책임감, 전시장, 연출, 중요, 고민, 테이크, 아웃, 컨셉, 전년도, 친구, 사장, 가치관, 제시"
제품디자이너,신입,3,전공,1,"디자인, 제품, 진행, 프로젝트, 지속, 가능, 과정, 분야, 학습, 제안, 수상, 해결, 시각, 다양, 역량, 이후, 코로나, 의료, 디자이너, 가구"
제품디자이너,신입,4,지원동기,1,"공간, 디스플레이, 연출, 소품, 콘텐츠, 프로그램, 부스, 컨셉, 기획, 경험, 브랜드, 글로벌, 관심, 방송, 산업, 선도, 다양, 무대, 차별, 문화"
제품디자이너,인턴,1,지원동기,1,"디자인, 경험, 화장품, 뷰티, 관심, 코스메틱, 분야, 인턴, 역량, 업무, 산업, 디자이너, 목표, 전공, 지식, 감각, 휴학, 기간, 아르바이트, 출시"
제품디자이너,인턴,2,역량,1,"디자인, 역량, 트렌드, 수행, 인턴, 패키지, 실무, 함양, 업무, 효과, 고객, 어필, 적용, 시장, 파악, 인사이트, 도출, 경험, 발전, 화장품"
제품영업,신입,1,경험,90,"고객, 경험, 업무, 생각, 영업, 목표, 직무, 노력, 시간, 결과, 판매, 상품, 때문, 달성, 시작, 친구, 필요, 팀원, 제품, 아르바이트"
제품영업,신입,2,성장과정,22,"사람, 업무, 생각, 고객, 목표, 경험, 아버지, 친구, 노력, 소통, 결과, 때문, 공부, 상황, 영업, 저희, 동료, 타인, 자전거, 맥주"
제품영업,신입,3,직무,18,"고객, 영업, 직무, 경험, 생각, 업무, 때문, 지원, 도전, 성장, 매출, 역량, 시장, 사원, 동원, 과정, 소통, 판매, 다양, 관리"
제품영업,신입,4,지원동기,17,"고객, 영업, 생각, 제품, 성장, 회사, 직무, 경험, 제약, 기업, 업무, 지원, 도전, 능력, 소통, 상품, 분석, 활동, 시장, 사람"
제품영업,신입,5,장단점,10,"생각, 시간, 영업, 장점, 배달, 단점, 결정, 고객, 자신, 관리, 사람, 직원, 이상, 노력, 상품, 관계, 친화력, 업무, 활동, 팀원"
제품영업,신입,6,성격,10,"동아리, 활동, 생각, 사람, 고객, 업무, 소통, 관심, 현장, 노력, 영업, 시간, 중요, 솔루션, 인턴, 성격, 서로, 도움, 소비, 장점"
제품영업,신입,7,강점,9,"생각, 사람, 고객, 영업, 소통, 타인, 직무, 능력, 지식, 필요, 업무, 분야, 감정, 관심, 다양, 사원, 때문, 전공, 프로젝트, 경험"
제품영업,신입,8,도전,4,"매출, 영업, 고객, 결과, 의약품, 매장, 경험, 직무, 제품, 바이오, 종근당, 만큼, 주력, 집중, 판매, 상권, 열정, 분석, 성장, 최선"
제품영업,신입,9,비전,4,"영업, 삼양, 고객, 그룹, 글로벌, 매출, 생각, 제품, 실현, 전략, 도전, 시장, 아르바이트, 생명, 과학, 책임감, 담당, 판매, 관리, 거래처"
제품영업,신입,10,역량,3,"맥주, 매출, 공부, 동남아, 업무, 친화력, 가맹점, 전략, 진행, 중요, 때문, 고객, 경쟁사, 상품, 진열대, 수행, 현장, 분석, 판매, 목표"
제품영업,인턴,1,경험,3,"진행, 공연, 학생, 학교, 경험, 때문, 직무, 공연장, 자작곡, 업무, 노력, 창업, 활동, 수익, 대입, 자기소개서, 첨삭, 분석, 고민, 생각"
제품영업,인턴,2,성장과정,2,"고객, 영업, 도전, 페르노리카, 소통, 코리아, 매출, 성장, 주류, 경험, 목표, 능력, 책임감, 시장, 바탕, 적극, 생각, 성과, 달성, 최고"
제품영업,인턴,3,직무,1,"영업, 사원, 사람, 과정, 경험, CJ제일제당, 진심, 다양, 직무, 효과, 매출, 오늘, 바탕, 기여, 담당, 트렌드, 공식, 미소, 상대방, 의견"
제품영업,인턴,4,강점,1,"만두, 제품, 비비고, 시장, 출시, 점유, 재료, 타사, 필요, 경쟁력, 기준, 선호, 정신, 가치, 기반, 크기, 이상, 풍미, 식감, 교자"
제품영업,인턴,5,지원동기,1,"에너지, 산업, 사업, 건설, 정책, 생각, 연료전지, 확장, 지원, 재생, 투자, 두산, 사회, 현장, 두산건설, 안정, 주택, 기반, 성장, 가능"
총무,신입,1,변화,1,"활동, 봉사, 진행, 참여, 기획, 프로젝트, 성공, 목표, 팬데믹, 모임원, 당시, 만남, 오프라인, 단원, 문제, 원인, 파악, 해결, 소셜, 미디어"
컨설턴트,인턴,1,지원동기,1,"데이터, 경험, 직무, 다양, 성장, 도전, 조직, 중요, 분석가, 마케팅, 관련, 업무, 결정, 기반, 분석, 한영, 인생, 가치, 가지, 전환"
토목기사,신입,1,경험,3,"직원, 생각, 경험, 소통, 설계, 안전, 직무, 상대방, 현장, 업무, 공사, 이해, 과거, 건설, 장비, 업체, 작업, 수행, 관리, 지반"
토목기사,신입,2,강점,1,"도시, 재생, 공사, 사업, 역량, 지식, 정보, 가치, 정확, 토목, 토목공학, 바탕, 직무, 관심, 분야, 홈페이지, 자료, 종합, 체계, 일자리"
토목기사,신입,3,성장과정,1,"성실, 공사, 주인, 의식, 업체, 경험, 전기, 보일러, 유신, 인재, 봉사, 생각, 배려, 전공, 이상, 복무, 비용, 참전, 용사, 주택"
토목기사,신입,4,지원동기,1,"유신, 북한, 철도, 남북, 목표, 토목, 정세, 대한민국, 연결, 생각, 분야, 전문가, 급변, 협력, 다양, 계획, 준비, 능력, 담당, 조직"
토목기사,인턴,1,경험,2,"도면, 동아리, 단체, 활동, 진행, 유체, 해석, 소통, 점수, 수강, 발생, 변형, 변화, 지식, 확대, 상태, 설계, 바탕, 냉각수, 활용"
토목기사,인턴,2,직무,1,"공간, 설계, 세상, 가치, 근거, 시작, 요소, 생각, 안정, 계획, 미얀마, 걸음, 역학, 추론, 고등학교, 시절, 개발, 도상국, 세탁, 편의"
토목기사,인턴,3,핵심역량,1,"프로젝트, 태도, 생각, 연료전지, 직무, 업무, 수행, 중요, 현장, 성취감, 긍정, 설계, 진행, 마음, 부분, 관련, 기술, 역량, 뒷받침, 청년"
통신엔지니어,신입,1,경험,7,"통신, 신호, 시간, 연구, 프로젝트, 설계, 시스템, 진행, 구현, 기본, 엔지니어, 제작, 수신, 사용, 이론, 하나, 이해, 관련, 확인, 동시"
통신엔지니어,신입,2,지원동기,1,"운영, 회사명, 자부심, 인천, 성장, 가능, 직업, 교통, 사업, 건설, 시민, 증진, 사회, 발전, 생각, 무인, 지원, 선택, 가지, 고려"
통신엔지니어,신입,3,변화,1,"그룹, 회사명, 경영, 노력, 항공, 여객, 달성, 환경, 녹색, 수상, 업적, 정보, 인터넷, 검색, 우체통, 임원진, 현장, 스킨십, 이유, 지금"
통신엔지니어,신입,4,극복,1,"서로, 프로젝트, 진행, 우리, 다툼, 발전, 그룹, 졸업, 시작, 역할, 차이, 불만, 조장, 장점, 생각, 회식, 자리, 기회, 자연, 양보"
통신엔지니어,신입,5,직무,1,"산업, 통신, 기술, 무릎, 성장, 위기, 글귀, 도약, 구축, 세계, 추진력, 제목, 인터넷, 유행, 필요, 시점, 정보, 강국, 기반, 영향"
통신엔지니어,인턴,1,경험,4,"설계, 회로, 제작, 진행, 생각, 창문, 결과, 학교, 펜스, 설치, 역량, 분석, 작품, 분배, 노력, 총학생회, 역할, 행사, 프로젝트, 목표"
포토그래퍼,신입,1,경험,2,"영화, 중국, 생각, 분야, 의견, 아이디어, 관심, 유학, 생활, 시장, 기획, 개발, 업무, 때문, 과제, 충돌, 공동, 목표, 개인, 결과"
품질관리자,신입,1,경험,84,"경험, 업무, 생각, 생산, 노력, 결과, 문제, 공정, 분석, 진행, 시간, 때문, 관리, 개선, 직무, 목표, 과정, 중요, 데이터, 제품"
품질관리자,신입,2,성장과정,28,"동아리, 노력, 경험, 생각, 활동, 생산, 문제, 업무, 학생, 생활, 시간, 목표, 사람, 학교, 공정, 전공, 해결, 모습, 동안, 결과"
품질관리자,신입,3,직무,19,"생산, 관리, 품질, 생각, 직무, 성장, 제품, 업무, 기술, 부서, 공정, 자동차, 기업, 경험, 환경, 중요, 지원, 소통, 고객, 시험"
품질관리자,신입,4,지원동기,12,"품질, 제품, 다양, 생산, 생각, 발전, 성장, 화학, 산업, 전기, 지식, 노력, 관련, 관리, 기본, 지원, 제약, 설비, 회사, 업무"
품질관리자,신입,5,강점,12,"생산, 수행, 문제, 관리, 품질, 실험, 공정, 업무, 생각, 직무, 능력, 시간, 강점, 경험, 발생, 분석, 노력, 계획, 진행, 과정"
품질관리자,신입,6,역량,11,"관리, 품질, 직무, 생산, 지식, 공정, 생각, 경험, 분석, 전공, 업무, 교육, 능력, 중요, 섬유, 필요, 장비, 역량, 산업, 결과"
품질관리자,신입,7,비전,6,"입사, 생산, 생각, 공정, 정비, 경험, 직무, LG하우시스, 최고, 회사, 지식, 완벽, 제품, 가족, 관리, 설비, 유지, 후임병, 해결, 기술"
품질관리자,신입,8,전공,5,"공정, 실험, 분석, 반도체, 지식, 개선, 전공, 결과, 경험, 능력, 자동차, 이슈, 생각, 반응, 계획, 직무, 전문, 엔지니어, 토대, 공학"
품질관리자,신입,9,가치관,5,"생각, 실험, 필요, 사람, 사용, 학생, 신뢰, 자신감, 책임, 생산, 원칙, 결과, 중요, 도전, 공모전, 업무, 책임감, 선생, 국민, 과정"
품질관리자,신입,10,장단점,5,"단점, 성실, 생각, 장점, 배려, 경험, 성격, 주변, 습관, 업무, 가지, 융통, 목표, 사람, 때문, 노력, 내일, 발전, 시험, 계획"
품질관리자,인턴,1,경험,17,"경험, 품질, 제품, 업무, 생각, 팀원, 생산, 정비, 관리, 진행, 소통, 결과, 현장, 직무, 재고, 이해, 준비, 노력, 시간, 과정"
품질관리자,인턴,2,지원동기,6,"생산, 생각, 엔지니어, 노벨, 리스, 공정, 관리, 산업, 전공, 안전, 중요, 업무, 현장, 제품, 제어, 지원, 품질, 경험, 플랜트, 국가"
품질관리자,인턴,3,성장과정,5,"팀원, 경험, 연구, 목표, 활동, 다양, 공학, 조직, 자료, 이해, 시작, 대회, 노력, 결과, 산업, 재료, 분야, 진행, 프로젝트, 실험실"
품질관리자,인턴,4,강점,2,"생산, 관리, 지식, 노력, 전공, 공학, 효율, 활용, 능력, 경험, 바탕, 운영, 정보, 취득, 데이터, 공정, 엔지니어, 전기, 설비, 시설"
품질관리자,인턴,5,직무,2,"품질, 식품, 관리, 보쉬, 관련, 생산, 유통, 획득, 중요, 경영, 시그마, 활동, 생각, 자격증, 취득, 직무, 점검, 기회, 소통, 문제"
품질관리자,인턴,6,성격,2,"태도, 근무, 책임감, 조직, 동료, 능동, 솔선수범, 행동, 노력, 모습, 변화, 성격, 봉사, 활동, 적극, 경험, 사원, 피해, 맥도날드, 업무"
품질관리자,인턴,7,자기소개,2,"engineer, novelis, mechanical, korea, knowledge, 생산량, qualification, machinery, safety, 족구, makes, 행복, 동료, ordinary, engineering, skills, could, oil, pressure, machine"
품질관리자,인턴,8,전공,2,"설계, 실험, 이수, 결정, 요소, 파악, 과목, 종료, 공학, 원리, 낭비, 공정, 지연, 기여, 이해, 화공, 프로그램, 진행, 모양, 기계"
품질관리자,인턴,9,협업,1,"실험, 과정, 문제, 방법, 진행, 접근, 발견, 해결, 열정, 교수, 병원, 모델, 품질, 포함, 특성, 효과, 재료, 데이터, 성공, 실행력"
품질관리자,인턴,10,장단점,1,"노력, 신뢰, 인재, 스스로, 발전, 장점, 단점, 능력, 처리, 책임감, 완벽, 표현, 부모, 맞벌이, 준비물, 준비, 끼니, 청소, 해결, 인생"
해외영업,신입,1,경험,15,"경험, 업무, 고객, 시간, 카페, 직무, 직원, 공부, 수행, 업체, 상황, 사람, 편입, 아르바이트, 목표, 때문, 커피, 다양, 영업, 가능"
해외영업,신입,2,지원동기,8,"경험, 고객, 생각, 업무, 글로벌, 사람, 직무, 시장, 소통, 영업, 카페베네, 다양, 방문, 현대, 수출, 관리, 생산, 세계, 종합, 금속"
해외영업,신입,3,직무,8,"직무, 고객, 생각, 학생, 문화, 시장, 경험, 역량, 능력, 정보, 연수, 필요, 다양, 웨어러블, 철강, 도전, 소통, 중국, 업무, 정확"
해외영업,신입,4,성장과정,4,"노력, 말씀, 러시아어, 목표, 공부, 생각, 사장, 경험, 때문, 시간, 중요, 수출, 관련, 통역, 과정, 대회, 팀원, 팔로워, 영상, 지금"
해외영업,신입,5,자기소개,3,"적극, 농구, 행사, 시간, 때문, 기여, 상사, 오렌지, 도전, 사람, 산업, 조직, 이후, 정리, 준비, 아르바이트, 시찰, 과제, 추구, 고등학교"
해외영업,신입,6,성격,2,"공부, 활용, 경험, 역량, 물류, 수행, 호기심, 전공, 소통, 해당, 능력, 다양, 언어, 무역, 시작, 업무, 활동, 팀원, 전방, 미군"
해외영업,신입,7,역량,2,"고객, 독일, 업무, 학생, 무역, 경험, 진행, 직무, 해외, 생각, 시간, 지식, 문화, 이해, 역량, 주제, 방문, 한국타이어, 방법, 제품"
해외영업,신입,8,극복,1,"실패, 활용, 인턴, 노력, 열정, 취업, 준비, 시작, 사원, 글로벌, 업무, 장기, 시절, 훗날, 트라우마, 학교, 학년, 대학원, 진학, 걱정"
해외영업,신입,9,도전,1,"자전거, 친구, 여행, 펑크, 수리, 생각, 통영, 때문, 속초, 여정, 도시, 산악, 갓길, 도움, 불만, 서로, 숙소, 마지막, 허리, 유럽"
해외영업,신입,10,강점,1,"바이어, 베트남, 신성, 통상, 성장, 수익, 의류, 수출, 영업, 무한, 가능, 방식, 확보, 현지, 법인, 생산, 수직, 계열, 선점, 신규"
헤드헌터,신입,1,지원동기,1,"채용, 업무, 켈리, 서비스, 인력, 관리, 기업, 관련, 아르바이트, 교육, 관심, 분야, 직무, 훈련, 성장, 다수, 자원, 생각, 회사, 달성"
헤드헌터,신입,2,성장과정,1,"업무, 노력, 프로젝트, 인턴, 퇴근, 책임감, 소속감, 연수, 학생, 복습, 적응, 수첩, 이해, 진행, 당일, 결과, 경험, 단기, 과정, 기업"
헤드헌터,신입,3,장단점,1,"결정, 노력, 고민, 시간, 근성, 자신, 감량, 의지, 생각, 선택, 목표, 하나, 체중, 시절, 지금, 결과, 장점, 달성, 고3, 수능"
현장관리자,신입,1,경험,15,"업무, 프로젝트, 시공, 건설, 관리, 경험, 생각, 능력, 현장, 시간, 소통, 관계, 문제, 도전, 책임감, 신뢰, 관리자, 설계, 진행, 다양"
현장관리자,신입,2,역량,4,"현장, 생각, 안전, 건축, 지식, 실제, 업무, 시공, 진행, 품질, 관리, 책임감, 직무, 공사, 역량, 건설, 균열, 설계, 경험, 철근"
현장관리자,신입,3,지원동기,4,"환경, 생각, 기업, 업무, 소통, 지원, 목표, 때문, 공부, 처리, 기술, 엔지니어, 이해, 결과, 생산, 노하우, 태영건설, 토목, 성장, 발생"
현장관리자,신입,4,성장과정,3,"성장, 시간, 목표, 노력, 팀원, 도전, 업무, 동부건설, 생각, 수행, 다양, 때문, 실험, 경험, 과정, 진행, 준비, 효율, 토양, 활동"
현장관리자,신입,5,직무,3,"안전, 현장, 지속, 품질, 건설, 최고, 관리, 균열, 공사, 확인, 사고, 회사명, 콘크리트, 프로젝트, 경험, 전공, 인턴십, 예방, 고리, 이란"
현장관리자,신입,6,성격,2,"적극, 현장, 처음, 업무, 자세, 인턴십, 공사, 사람, 생각, 건설, 아무것, 기사, 말씀, 도면, 성실, 결과, 중요, 협력, 성격, 스터디"
현장관리자,신입,7,강점,1,"환경, 안전, 필요, 산업, 자격증, 취득, 관리, 생각, 처리, 예방, 위험물, 전공, 측정, 경험, 운영, 분야, 근로자, 직무, 분석, 실험"
현장관리자,신입,8,자기소개,1,"해외, 생각, 현지, 다양, 시장, 팀원, 사람, 이해, 세계, 경험, 봉사, 문화, 국제, 존중, 글로벌, 소통, 중요, 협력, 교육, 하나"
현장관리자,신입,9,비전,1,"자격증, 교수, 공무, 기술자, 부족, 부분, 시간, 학기, 취득, 방학, 덕분, 기본기, 실습, 칭찬, 작품, 제작, 구성, 작동, 배선, 정확"
현장관리자,신입,10,가치관,1,"동생, 실패, 웃음, 결과, 시퀀스, 이해, 교수, 실수, 위로, 소대장, 도전, 정신, 공조, 냉동, 설비, 이론, 공부, 처음, 회로, 원리"
호텔종사자,신입,1,성장과정,1,"감사, 대학, 학비, 적응, 부족, 공부, 현재, 전환점, 입학, 재정, 가족, 부담, 워킹홀리데이, 선택, 이유, 목표, 보조, 경험, 기간, 전체"
호텔종사자,인턴,1,성장과정,1,"성장, 경험, 결정, 사회, 서비스, 개월, 환경, 시간, 지역, 세상, 다양, 사람, 모교, 한마디, 상의, 휴학, 의견, 부모, 응원, 모습"
호텔종사자,인턴,2,장단점,1,"생각, 행동, 상황, 장점, 입장, 고려, 학교, 방문, 근무, 고객, 친절, 지니, 최선, 순간, 사람, 모교, 직무, 대사, 고등학생, 필요"
호텔종사자,인턴,3,지원동기,1,"회사명, 항공사, 성장, 기내, 중대형, 항공기, 도입, 대한민국, 승무원, 외국인, 안전, 경쟁사, 하나, 단거리, 기종, 과다, 경쟁, 몰입, 동안, 국내"
홍보,신입,1,경험,3,"문화, 소통, 출연자, 진행, 촬영, 직무, 경험, 프로그램, 유학, 중요, 업무, 다양, 사람, 인턴, 러브, 모습, 조직, 상대, 중국, 한국"
홍보,신입,2,성장과정,1,"변화, 영향력, 방송, 광고, 자존감, 바닥, 각자, 위치, 불평, 최선, 사람, 마음가짐, 사회, 긍정, 다짐, 이후, 목표, 실현, 대중, 매체"
홍보,신입,3,팀워크,1,"사람, 감독, 문제, 업무, 배려, 상황, 갈등, 진행, 양보, 손해, 직업, 협업, 출연자, 작가, 카메라맨, 오디오, 편집, 하나, 시간, 방송"
홍보,인턴,1,경험,2,"동아리, 사람, 마케팅, 페어, 직무, 활동, 프로젝트, 가치, 부서, 협업, 진행, 다양, 시간, 마지막, 인력, 분배, 부스, 인원, 분야, 관심"
화학엔지니어,신입,1,경험,26,"연구, 공정, 경험, 생각, 목표, 진행, 설계, 개발, 학생, 화학, 관리, 노력, 향상, 제작, 방법, 결과, 바탕, 문제, 센서, 환경"
화학엔지니어,신입,2,성장과정,6,"분리, 모듈, 생각, 연구, 배려, 해결, 때문, 경험, 성능, 향상, 과정, 사람, 혼자, 계획, 문제, 학생, 금주, 주도, 이산화탄소, 제작"
화학엔지니어,신입,3,직무,2,"재료, 생각, 환경, 전자, 개발, 소재, 연구, 경영, 연구자, 부분, 과정, 반도체, 도입, 활용, 지속, 가능, 사회, 실현, 분야, 필수"
화학엔지니어,신입,4,가치관,2,"소재, 가치, 기술, 유기, 인턴, 공학, 개발, 전지, 이익, 행복, 기관, 설계, 프로젝트, 진행, 교내, 지식, 관련, 공정, 수강, 화학"
화학엔지니어,신입,5,장단점,2,"열정, 때문, 생각, 책임감, 호기심, 단점, 걱정, 기록, 긍정, 실천, 사람, 관계, 보완, 이용, 장점, 성실, 동반, 주위, 피해, 대학"
화학엔지니어,신입,6,변화,2,"아이, 자세, 마음, 노력, 관계, 학생, 서로, 세상, 보육원, 지금, 처음, 교환, 생활, 친구, 불편, 정도, 자신, 일원, 상처, 시간"
화학엔지니어,신입,7,지원동기,2,"환경, 바이오랜드, 회사, 때문, 연구, 회사명, 화학, 물질, 발전, 기업, 등록, 다양, 기술, 방향, 전문가, 목표, 제품, 융합, 사업, 법규"
화학엔지니어,신입,8,회사선택,1,"가스, 개발, 포스코, 인터내셔널, 업무, 도전, 석유, 탐사, 흥미, 다양, 능력, 역량, 여행, 지식, 경험, 기여, 적합, 생각, 지원, 가스전"
화학엔지니어,신입,9,도전,1,"환경, 제품, 공조, 과제, 설비, 공학, 설계, 수행, 부하, 계산, 기기, 방식, 자연, 생각, 도전, 아모레퍼시픽, 그룹, 뷰티, 산업, 선두"
화학엔지니어,신입,10,역량,1,"연구, 다양, 분석, 끈기, 소통, 결과, 중요, 통계, 데이터, 정확, 때문, 실험, 필요, 과정, 포기, 분야, 경험, 피드백, 구성원, 의견"
화학엔지니어,인턴,1,경험,10,"활동, 생각, 봉사, 행사, 업무, 다양, 소통, 모임, 참여, 기업, 수행, 시간, 관리, 제품, 경험, 학년, 처리, 해결, 과정, 사람"
화학엔지니어,인턴,2,자기소개,2,"경험, 생각, 진행, 수행, 사업, 도전, 학교, 실험, 특허, 미생물, 에너지, 공정, 노력, 회사명, 다양, 동아리, 참가, 주제, 과정, 업무"
화학엔지니어,인턴,3,역량,1,"수돗물, 수질, 사람, 처리, 인식, 공급, 우리, 나라, 세계, 대부분, 이유, 정수, 과정, 불신, 수도관, 노후, 파손, 오염, 생수, 차이"
화학엔지니어,인턴,4,직무,1,"진행, 경험, 실패, 실험, 제품, 개발, 다양, 연구, 기초, 브랜드, 지식, 결과, 사용, 직무, 성장, 시작, 과정, 동안, 합성, 토대"
화학엔지니어,인턴,5,성공,1,"결과, 실질, 노력, 연구, 위기, 진행, 필름, 성공, 기업, 생각, 석사, 과정, 상대, 습도, 형성, 조절, 문제점, 해결, 동안, 최선"
환경기사,신입,1,경험,7,"제작, 직무, 예산, 기사, 행사, 자료, 팀원, 진행, 문제, 친구, 프로그램, 복지, 에너지, 화학, 생각, 안정, 공공, 목표, 시간, 결과"
환경기사,신입,2,직무,1,"실험, 계획, 분석, 능력, 개선, 반응, 효율, 중간, 기록, 화학, 공정, 안정, 수립, 토대, 진행, 발전, 철저, 안전, 관리, 결과"
환경기사,신입,3,역량,1,"수돗물, 음용, 행사, 인식, 기업, 생수, 변화, 서포터즈, 활동, 제품, 블라인드, 테스트, 이유, 소독, 불신, 관리, 상수, 내실, 년도, 시작"
회계담당자,신입,1,경험,14,"친구, 경험, 계획, 결과, 생각, 활동, 의견, 이야기, 도전, 갈등, 학생, 고객, 시간, 우리, 해결, 노력, 분석, 모두, 목표, 소통"
회계담당자,신입,2,성장과정,4,"경험, 부모, 우산, 동아리, 사람, 노력, 모습, 배려, 친구, 사원, 가르침, 말씀, 생각, 능동, 끈기, 자세, 시절, 대학, 전달, 추구"
회계담당자,신입,3,지원동기,3,"업무, 블로그, 직무, 생각, 어민, 회사, 마음, 처리, 지원, 포스코, 대우, 자금, 관리, 검토, 계약, 감사, 인정, 실수, 창출, 수협"
회계담당자,신입,4,직무,3,"회계, 시간, 경험, 정리, 생각, 시스템, 직무, 관리, 지식, 서고, 도서관, 책장, 분야, 복합, 정확, 사고, 분석, 산업, 시험, 도서"
회계담당자,신입,5,장단점,3,"진행, 생각, 직무, 시작, 프로젝트, 상황, 소통, 서로, 주장, 자신, 능력, 사람, 인생관, 상대, 타인, 중학교, 활동, 긍정, 분위기, 신입"
회계담당자,신입,6,역량,2,"원가, 회계, 사업, 역량, 지식, 경제, 분석, 능력, 기업, 방법, 경험, 정보, 계산, 학생, 재무, 직무, 이론, 대회, 투자, 수익"
회계담당자,신입,7,전공,2,"회계, 업무, 회사, 경영, 분야, 전문, 부서, 직무, 진행, 정보, 수행, 자격증, 재무, 기업, 기준, 처리, 투자, 결정, 전반, 동안"
회계담당자,신입,8,존경하는 인물,1,"나이, 부모, 말씀, 후회, 최선, 언니, 명심, 사람, 자신, 지금, 공감, 가르침, 덕분, 습관, 이직, 준비, 시기, 회사, 요구, 화답"
회계담당자,신입,9,실패,1,"연습, 전문가, 완벽, 압박감, 세미나, 당일, 긴장, 상태, 선임자, 강의, 진행, 참관, 이후, 고객, 우리, 지식, 필요, 시험, 사람, 말씀"
회계담당자,신입,10,극복,1,"활동, 팀원, 역할, 직무, 미션, 수행, 다섯, 팀장, 일정, 무리, 혼자, 분담, 영상, 광고, 제작, 협력, 지난해, 국내, 여행사, 객원"
회계담당자,인턴,1,직무,2,"회계, 지원, 관련, 업무, 기업, 회사명, 금융, 분석, 활용, 정보, 재무, 자료, 전공, 공부, 사업, 경제, 개인, 신용, 생각, 능력"
회계담당자,인턴,2,경험,2,"봉사, 활동, 부원, 회계, 도착, 능력, 업무, 파악, 목표, 동아리, 역할, 자부심, 전문가, 성장, 정확, 필요, 비용, 최소, 지식, 능동"
회계담당자,인턴,3,강점,1,"지원, 회계, 회사명, 수업, 처음, 경제, 지식, 활용, 개인, 신용, 회복, 전문, 인재, 생각, 방과, 자격증, 취득, 처리, 프로그램, 운용"
