회사명,연도,직무분야,직무명,질문 내용,답변
한국수력원자력(주),2023년 상반기,공공기관,전기·전자엔지니어,"정직, 남을 위한 봉사, 규칙 준수 등 윤리적인 행동으로 좋은 결과를 얻었던 경험을 아래 세부 항목에 따라 구체적으로 작성해 주십시오.","2-1. 언제, 어디서 있었던 일이며, 본인이 맡았던 역할은 무엇이었는지 기술해 주십시오. (300자 이내)학창 시절 OO 과학관에서 개최하는 초등학생 실험의 실험 도우미 봉사활동을 통해 학생들을 보조했던 경험이 있습니다.해당 활동은 초등학생 저학년을 대상으로 기계의 조립과 제작을 도와주는 봉사였습니다.평소 관심 있어 하던 과학 분야와 연관된 봉사여서 공고를 보자마자 바로 지원했고, 해당 봉사활동에 참여할 수 있게 되었습니다.봉사활동을 시작하기 전에 실험 도우미 교육을 받았습니다.그곳에서 실험의 목적과 보조 방법, 주의사항 등을 배웠습니다. 또한 학생들과 소통하는 방법도 배웠습니다.2-2. 구체적으로 한 행동과 그렇게 행동하셨던 이유는 무엇인지 기술해 주십시오. (300자 이내)실험 도중 집중을 못 하고 소란스럽게 행동하는 학생 한두 명이 수업을 방해하는 일이 발생하게 되었습니다.이때 저는 그 아이 옆으로 재빨리 다가가 그 학생과 대화하였고, 아이가 수업에 잘 집중할 수 있도록 다독여 주었습니다.잘 다독여 주지 않으면 또다시 수업을 방해할 가능성이 존재했기 때문입니다.아울러 복잡한 조립을 어려워하는 아이들을 하나하나 가르치고 도와주는 적극적인 행동으로 실험을 순조롭게 진행하게 했습니다.그렇게 기계의 조립과 제작을 도와주는 실험을 무사고로 마무리할 수 있었습니다.2-3. 그러한 행동이 당신과 타인에게 미친 영향은 무엇인지 기술해 주십시오. (200자 이내)봉사활동이 끝나고, 몇몇 학생이 실험을 잘 도와줘서 고맙다며 감사 인사를 하기도 했습니다.해당 봉사활동을 통해 공공의 이익에 기여했다고 생각합니다.학생들에게 과학적 사고와 탐구심을 심어주었으며, 과학교육의 활성화에 도움을 주었기 때문입니다.이러한 경험을 통해 봉사 대상에 대한 이해와 봉사를 통해 공공의 이익에 기여하는 방법을 배우게 되었습니다."
한국수력원자력(주),2023년 상반기,공공기관,전기·전자엔지니어,"본인이 한국수력원자력의 인재상에 맞는 인재가 되기 위해 어떤 면에서 준비가 되어 있으며, 해당 능력을 개발하기 위해 어떠한 노력을 하였는지 구체적인 사례를 아래 세부 항목에 따라 작성해 주십시오.","4-1. 어떤 능력을 개발하였고, 이러한 능력 개발을 위해 어떤 목표를 세웠는지 기술해 주십시오. (200자 이내)저는 세 인재상 중 '기본에 충실한 인재'에 가장 적합하다고 생각합니다.전기 시설 및 장비에 대한 전문적인 지식을 습득하고, 다양한 전자기기와 프로그램의 사용법을 익히는 것이 기본 중의 기본이라 생각했기 때문입니다.그래서 여러 목표 중 하나인 '다양한 전자기기와 프로그램의 사용법을 익히는 것'에 힘썼습니다.4-2. 목표 달성을 위해 어떤 계획을 세웠고, 계획을 실천하는 과정에서 가장 어려웠던 점과 이를 어떻게 극복하였는지 기술해 주십시오. (400자 이내)학부 시절에 배우는 '다양한 전자기기와 프로그램의 사용법'을 익히기 위해 학교 수업에 충실히 임하는 것을 1순위로 삼았습니다.그 과정에서 2인 1조로 활동하는 '마이크로파 회로설계' 과목에서 만난 같은 조의 조원과 함께 필터를 설계하는 과제를 해결하고, 시험도 같이 준비하면서 친목도 키워나갔습니다.공부할 때 가장 힘들었던 점은 사용법을 익히는데 느껴지는 '어려움'이었습니다. 이 어려움을 극복하기 위해 사용법이 익숙해질 때까지 공부하고 또 공부함으로써 머리보다 손이 먼저 반응할 때까지 반복했습니다.그 결과 공학프로그램 ADS, PSpice, smith123 등 다양한 프로그램의 사용법을 익혔습니다. 그리고 전자기기 아두이노의 기초뿐만 아니라 오실로스코프, 벡터 네트워크 분석기 등의 사용법도 익혔습니다.4-3. 향후 자신의 능력을 향상시키고 이를 잘 활용하기 위해 어떻게 노력할 것인지 기술해 주십시오. (200자 이내)위 경험을 통해 앞으로 어떤 공부를 해야 할지에 대한 방향성을 보다 더 명확하게 결정하게 되었습니다.여기에 그치지 않고, 전기 장비를 안전하고 효율적으로 관리하는 방법 및 공사 시 지켜야 할 규칙 등을 공부하기 위해 '산업안전기사' 자격증의 실기 합격에도 힘쓰고 있습니다.해당 자격증을 공부함으로써 전기뿐만 아니라 안전에 대한 전문성도 기를 것입니다."
한국수력원자력(주),2023년 상반기,공공기관,전기·전자엔지니어,"단체(학교, 회사, 동아리, 동호회 등)에서 대화나 토론을 통해 상호 입장과 상황을 정확히 이해함으로써 건설적으로 문제를 해결해 본 경험에 대해 아래 세부 항목에 따라 작성해 주십시오.","5-1. 구성원들이 의견 차이를 보였던 견해에는 어떤 것들이 있었고 그 이유는 무엇인지, 그리고 본인의 입장은 어떠했는지 기술해 주십시오. (200자 이내)4학년 1학기 학부 시절에 진행한 안테나 제작 프로젝트를 통해 '원칙 준수와 일의 효율성 사이에서 갈등했던 경험'이 있습니다.실험 보고서를 작성할 때 저는 실험 데이터를 정확하게 기록하고 분석하는 것이 중요하다고 생각했습니다.하지만 제 팀원들은 데이터가 완벽하지 않아도 괜찮다고, 보고서 작성에 너무 많은 시간을 쏟지 말라고 했습니다.5-2. 상대방을 이해하기 위해 어떤 노력을 하셨는지, 상대방을 설득하기 위해 본인이 사용한 방법이 무엇이고 그 결과는 어떠했는지 기술해 주십시오. (400자 이내)보고서 작성에 대해 이야기하면서 저를 포함한 팀원들이 다른 팀원의 의견에 집중하고 서로의 생각에 대해 의견을 나누기 시작했습니다. 여기서 제 생각과 팀원들의 생각 사이의 차이를 좁히거나 해결하기 위해 다음과 같은 노력을 했습니다.첫째, 실험 데이터의 정확성이 보고서의 질과 신뢰도에 어떤 영향을 미치는지를 설명하고, 팀원들의 의견을 경청하려 노력했습니다.둘째, '정확한 데이터 작성'과 '해당 실험을 통해 깨달은 점' 둘 중 교수님이 어느 걸 더 중요시하는지를 재고했습니다.저와 팀원들의 대화와 경청 덕분에 '해당 실험을 통해 깨달은 점'을 인식하는 게 더 중요하다는 것을 깨닫고 더 이상 '정확한 데이터 작성'에 연연하지 않았습니다. 결과적으로 보고서의 질과 마감 기한을 모두 만족시키는 성과를 거두었습니다.5-3. 대화를 진행하는 과정에서 가장 중요하게 생각한 점은 무엇이었는지 기술해 주십시오. (200자 이내)해당 경험을 통해 원칙 준수와 효율성 사이에서 균형을 잡는 방법을 배웠습니다. 그동안 원칙을 지키는 것이 더 중요하다고 생각했지만, 때로는 일의 효율성을 위해 융통성을 발휘해야 하는 경우도 있다는 것을 깨달았습니다.또한 팀원들과의 소통과 협력이 갈등 해결 및 의견 통합에 매우 중요한 역할을 한다는 것을 다시 한번 느꼈습니다."
E1,2023년 하반기,화학·에너지,회계담당자,"지원자 본인에 대하여 소개해 주세요. (성격/성향/가치관 등을 중심으로) (최소 200자, 최대 500자 입력 가능)","어릴 적부터 지켜온 삶의 덕목은 바로 ‘책임감’입니다. 스스로가 불러온 일에 대해 책임지는 것을 피하지 않고, 이를 받아들임으로써 한층 더 성장할 수 있다는 것을 배워왔습니다. 어떠한 결정을 내릴 때, 언제나 치밀하게 조사하고 설령 실패하더라도 그 이후의 ‘플랜 B’를 늘 준비하는 습관을 기를 수 있었습니다. 그렇기에 전문직 시험 준비와 같은 어려운 결정을 할 때도 온전히 저의 결정으로 임하게 되었고, 비록 실패했지만, 이에 좌절하지 않고 이러한 경험을 양분 삼아 앞으로의 미래에 대해 설계하게 되었습니다.회계 담당자로서 가장 필요한 덕목 역시 책임감이라고 생각합니다. 제 인생에 있어 주인의식을 가지고 살아왔기에 E1에서도 단지 근로자의 마음이 아닌, 저 스스로가 이 회사의 주인이고 얼굴이라는 인식을 가지고 책임감 있게 업무에 임하겠습니다."
E1,2023년 하반기,화학·에너지,회계담당자,"E1이라는 회사와 지원한 직무를 선택한 이유를 설명해 주세요. (최소 200자, 최대 500자 입력 가능)","기업에 지원할 때 가장 중요하게 생각하는 것은, ‘해당 기업이 어떠한 비전을 가지고 있는지’입니다. 뛰어난 비전을 가진 기업에서 스스로의 성장과 기업의 성과를 동시에 일궈낼 수 있다고 생각하기 때문입니다. E1은 LPG 업계에서 독보적인 위치에 있습니다. 그러나 이에 안주하지 않고 지속적으로 실적 개선에 힘쓰며 한편으로는 미래 먹거리 산업인 전기와 수소충전 사업에도 진출하고 있습니다. E1의 도전은 확고한 비전으로부터 나온다고 생각합니다. 저 역시 명확한 목표와 비전을 세우고 도전하는 것을 모토로 삼고 있습니다. 그렇기에 저의 역량을 이용해 E1에 기여하기 위해 지원하게 되었습니다.회계 직무는 어떤 기업이나 부문에서도 핵심이 되는 직무라고 생각합니다. 의사결정에 있어 판단에 가장 큰 도움을 주는 것은 그 어떤 것보다도 숫자이며, 그 숫자는 내부회계로부터 도출되기 때문입니다. 그렇기에 저는 이러한 회계의 중요성을 이해하고, 그 역할을 최대한 활용하여 그룹의 성과에 기여하고 싶습니다."
E1,2023년 하반기,화학·에너지,회계담당자,"다른 사람을 배려하고 협업하여 성취한 본인만의 사례를 한 가지 소개해 주세요. (최소 200자, 최대 500자 입력 가능)","교포 2세들과 한국인 학생들로 팀을 이루어 2개월간 봉사를 했던 경험이 있습니다. 4주간의 합숙생활을 하며 하나의 준비된 봉사 팀을 만들어내는 것을 목표로 삼았습니다. 그러나 살아온 배경, 문화, 언어 등 모든 것이 달라서 의사소통하는 것조차 쉽지 않았습니다. 그렇기에 우선 서로에 대해 이해하는 시간을 갖기로 했습니다. 매일 밤 1시간 동안 각자의 이야기를 듣는 시간을 만들었습니다. 국적과 문화가 다르지만 모두가 비슷한 고민과 감정을 공유하고 있다는 것을 알게 되었습니다. 또한 봉사 준비를 하는 과정에서 서로 번역을 해주며 도왔으며, 사소한 다툼은 그 자리에서 해결하는 방식으로 유대를 다졌습니다. 결과적으로 무사히 봉사를 마칠 수 있었고 지금까지 왔던 봉사 팀 중 가장 화목했던 팀이었다는 평가를 들었습니다.이런 경험은 제 스스로의 성장을 이뤄낸 경험이었다고 생각합니다. 낯선 사람들과 함께 목표를 달성함에 있어, 타인에 대한 이해가 선행되어야 한다는 것을 배웠습니다."
E1,2023년 하반기,화학·에너지,회계담당자,"지원 직무에서 본인이 발휘할 수 있는 역량과 전문성을 어필해 주세요. (최소 200자, 최대 500자 입력 가능)","저는 재무회계 전문가로서의 경쟁력을 갖추기 위해 다음과 같은 역량을 쌓았습니다.첫째는, ‘소통 능력’입니다. 2022년 2기 부가가치세 신고 현장 실습을 진행한 경험이 있습니다. 팀장으로서 활동하며 세무 공무원들과 업무를 조율하고 협동하며 유대적인 관계를 형성하는 법에 대해 배웠고 민원인들을 상대하며 소통하는 법을 배웠습니다.둘째로, ‘직무 관련 지식’입니다. 전공 재무관리, 세무회계, 원가관리회계 수업에서 A를 받았습니다. 그러나 회계원리에서 B를 받았고 회계에 대한 공부가 부족하다고 느껴 전문성을 기르기 위해 공인회계사 시험을 준비하였습니다. 연결재무제표를 작성해 보며 상장사의 연결회계 처리에 대한 이해를 했습니다. 또한 상법과 세법을 공부하며 경영과 세금이 어떤 원칙에 의해 이루어지는지 배웠습니다. 그리고 재무관리 과목을 통해 자금의 흐름과 수익성 평가에 대해 깊게 이해할 수 있었습니다. 또한, 재경관리사 자격증을 취득하여 전문성을 더했습니다."
E1,2023년 하반기,화학·에너지,회계담당자,"본인이 생각하는 이상적인 직장 생활과 조직 문화를 상상하여 적어주세요. (최소 200자, 최대 500자 입력 가능)","제가 생각하는 이상적인 직장 생활은 '자기 발전을 서로 독려하고 자극해 주는' 직장이라고 생각합니다. 하루 대부분의 시간을 일터에서 보내는 직장인에게 가장 큰 영향력을 끼치는 존재는 다름 아닌 직장 동료입니다. 그렇기에 각자가 어떠한 존재가 되어주는지가 중요하다고 생각합니다. 단지 맡은 일만 하는 것이 아니라, 부족한 것이 있다면 도와주고 이끌어주면은 분위기를 형성하는 것이 필요하다고 생각합니다. 또한, 누군가의 다른 이에겐 목표가 되어 서로가 서로에게 긍정적인 자극을 전달하는 것이 중요해 보입니다. 이를 위해 선배, 동기들과 교류하며 조직 생활에 적응하고 저부터 '회사 생활 잘하는 사원'이 되어 조직 내에 발전적인 영향력을 끼치겠습니다.모두가 상생하고 협력하며 건전한 경쟁을 만들어 나갈 때, 한마음 한뜻으로 조직의 목표를 달성할 수 있다고 믿습니다."
㈜BGF리테일,2023년 하반기,유통·서비스,회계담당자,BGF가 생각하는 '좋은 친구'는 '언제 어디서나 최상의 상품과 서비스를 제공하여 고객 가치를 실현하고 사회 발전에 공헌하는 기업'입니다. 고객과 사회의 '좋은 친구'인 BGF리테일에 지원하게 된 동기에 대해 기술해 주세요. (최대 500자 입력 가능),"""BGF와 함께 만들어가는 사회""BGF 리테일에 지원하게 된 동기는, BGF 리테일의 일원으로서 선한 영향력에 동참하고 싶다는 이유에서입니다. 기업을 지원할 때 가장 중요하게 생각하는 것은, ‘해당 기업이 사회에 어떠한 영향을 끼치고 있는지’입니다. 저는 BGF 리테일이 우리 사회에 기여하는 일들에 매력을 느끼게 되었습니다.BGF 리테일은 최근 발생한 산불 피해 현장에 ’BGF 브릿지‘라는 이름으로 구축되어 있는 인프라를 통해 구호 물품을 지원하는 등 우리 사회에 끼치는 영향력을 증명해왔습니다. 이런 재난 상황에 대한 구호뿐 아니라, CU 편의점이 전국에 설치되어 있다는 것을 활용하여 아동 실종 예방 프로그램인, ‘아이 CU’ 캠페인을 실시함으로 인해 지역사회의 안전망 역시 구축하고 있는 것으로 알고 있습니다.BGF 리테일이 우리 사회의 ‘좋은 친구’가 되었듯, 저는 BGF 리테일의 ‘좋은 직원’이 되고 싶습니다."
㈜BGF리테일,2023년 하반기,유통·서비스,회계담당자,"그동안 쌓은 지식, 능력, 활동 및 경험 등을 기반으로 지원한 직무에 본인이 가장 적합하다는 것을 구체적인 업무 내용과 매칭하여 말씀해 주세요. (최대 500자 입력 가능)","재무회계는 제가 가장 잘할 수 있는 직무이자, 즐길 수 있는 직무입니다. 저는 재무회계 담당 직원으로서의 경쟁력을 갖추기 위해 다음과 같은 역량을 쌓았습니다.첫째는, ‘소통 능력’입니다. 2023년 1기 부가가치세 신고 현장 실습을 진행한 경험이 있습니다. 이 실습 중에 있어 팀장으로서 활동하며 세무 공무원들과 업무를 조율하고 협동하며 유대적인 관계를 형성하는 법에 대해 배웠고 민원인들을 상대하며 고객의 니즈를 파악하고 충족시키는 방법에 대해 배웠습니다.둘째로, ‘직무 관련 지식’입니다. 공인회계사 시험과 재경관리사 자격시험을 준비하면서, 기존의 전공에서 배우던 재무회계 보다 더욱 심화된 지식을 쌓을 수 있었습니다. 예를 들어 전공 수업에서는 배울 수 없었던 연결재무제표 작성 방법을 배우게 되었고, 법인세 회계를 학습하면서 세무회계와 재무회계 간의 연결성에 대해 보다 더 근본적으로 깨닫는 계기가 되었습니다.이러한 제 경험과 지식을 바탕으로, BGF리테일의 일원으로서 함께 성장할 수 있게 노력하겠습니다."
㈜BGF리테일,2023년 하반기,유통·서비스,회계담당자,"BGF의 5가지 가치관 (채용 홈페이지 '우리의 가치관' 참조) 중 본인을 가장 잘 표현하는 가치관 1개를 선택하고, 그 이유를 본인의 경험과 함께 작성해 주세요. (최대 500자 입력 가능)","전공 캡스톤디자인 수업의 원하는 기업의 최근 회계적 이슈에 대한 진행 과정, 발생 원인, 그리고 대응 방안에 대해 정리하는 팀 프로젝트’를 수행한 경험이 있습니다.팀 프로젝트에서 가장 중요한 것은 팀워크라 생각했기에, 논문을 작성하는 과정에서 저는 분업을 제안했습니다. 매일같이 대면해서 함께 작성하는 것은 현실적으로 힘든 일이었기 때문입니다. 그렇기에 본문에 해당하는 내용의 초안을 먼저 작성하고 팀원이 이를 자체적으로 피드백하면서 1차 수정을 가하고, 제가 이 수정본에 대해 다시 2차적인 피드백과 수정을 하는 방식으로 진행했습니다. 피드백 과정에서도 서로의 실수나 부족한 내용을 지적하기 보다 더욱 나은 내용을 도출해 내기 위한 목적으로 브레이밍 스톰을 진행했습니다.이후 팀 프로젝트가 끝나고, 저희 팀의 논문은 해당 수업 최고 논문으로 선정되어 캡스톤 논문집에 등재되는 성과를 거머쥐었습니다. 이러한 저의 경험을 BGF에서도 발휘하여 팀원 간의 팀워크를 돈독히 실현하겠습니다."
㈜BGF리테일,2023년 하반기,유통·서비스,회계담당자,"평소 CU 편의점 이용 시 느낀 장단점을 기술하고, CU 편의점의 경쟁력을 제고할 수 있는 아이디어를 설명해 주세요. 가능하다면 지원한 직무와 연계하여 적어주시고, 어려운 경우 고객 입장에서 설명해 주세요. (최대 700자 입력 가능)","CU는 차별화되는 서비스를 다른 경쟁업체 보다 빠르게 도입하고 이를 시장에서 성공시키는 것이 강점이라고 생각합니다. 그중에서도 ‘프린팅 박스’ 서비스와 같이 Z세대에서 인기를 끌만한 콘텐츠를 누구보다 먼저 선보여 이를 ‘굿즈 문화’에 접목시키게끔 하여 ‘프린팅 박스’하면 ‘CU 편의점’을 연상시키게 한 것을 인상 깊게 생각하였습니다. 친구에게 선물하기 위해 친구와 제가 찍은 사진이 들어간 나만의 선물을 커스텀 할 수 있다는 것이 신선하게 느껴졌습니다. 이처럼 시장 트렌드를 빠르게 파악하는 능력이 CU의 강점이라고 생각합니다.한편, CU는 경쟁사인 GS25, 세븐일레븐에 비해 CU만의 상품이 비교적 적다는 것이 아쉽게 느껴집니다. PB 생수가 다른 브랜드에 비해 저렴하여 자주 구매했던 기억이 있지만, 그 외의 제품들은 구매에 대한 매력이 상대적으로 떨어진다는 느낌을 받았습니다.CU에서 ‘연세우유크림빵’ 제품을 구매했던 경험이 있습니다. SNS 상에서도 많은 인기를 얻었던 제품이었고 이를 구하기 위해서 CU 편의점을 찾는다는 사람들도 많았단 것으로 기억합니다. 이렇듯 어떤 특별한 제품 하나가 CU를 찾게끔 하는 가장 큰 이유가 되게 한다고 생각합니다. 지역별 지자체와 협력하여, 지역의 특산물을 활용하여 지역 이름과 음식의 이름이 함께 들어가는 형태의 PB 상품을 개발한다면 지역사회 홍보와 함께 시장에서의 경쟁력을 확보할 수 있다고 생각합니다."
삼성전자㈜,2023년 하반기,IT·전자,생산·공정관리자,삼성전자를 지원한 이유와 입사 후 회사에서 이루고 싶은 꿈을 기술하십시오. (700자 (영문 작성 시 1400자) 이내),"4차 산업혁명으로 IOT, AI, 메타버스 시장이 커짐에 따라 반도체가 담당하는 역할의 바운더리도 커졌습니다. 이에 삼성전자는 파운드리 시장에서의 정점을 목표로 고성능, 저전력 반도체의 제작 기술 확보를 위해 공격적인 투자로 기술력과 경쟁성 확보를 위해 도전하고 있습니다. 목표를 향한 끊임없는 도전 정신이 저와 부합하여 파운드리 공정 기술 엔지니어로서 삼성전자의 성장에 이바지하고자 지원하게 되었습니다.입사 후 삼성 전자의 성장과 함께하기 위해 다음과 같이 노력하겠습니다.첫째, 경청과 배려의 자세로 협력을 통해 성과의 극대화에 기여하겠습니다. 다수의 대외활동과 프로젝트 경험으로 다양한 분야의 사람들과 소통하며 협력하는 자세를 길렀습니다. 이를 바탕으로 유관부서, 동료의 의사를 경청하고, 배려하는 자세로 윈윈하며 성장하는 조직원이 되겠습니다.둘째, 배운 업무 지식을 바탕으로 변화에 맞춰 새로운 시도로 발전하는 엔지니어가 되겠습니다. 학부시절 쌓은 반도체 전공 지식과 실습 경험을 바탕으로 입사 후 업무를 빠르게 익히고, 이를 바탕으로 끊임없는 자기 계발을 통해 도전을 두려워 하지 않고 수용하며 발전하겠습니다.위 두 가지를 바탕으로 삼성 전자의 성장에 기여하겠습니다."
삼성전자㈜,2023년 하반기,IT·전자,생산·공정관리자,"본인의 성장과정을 간략히 기술하되 현재의 자신에게 가장 큰 영향을 끼친 사건, 인물 등을 포함하여 기술하시기 바랍니다. (※ 작품 속 가상인물도 가능)(1500자)","""변화에 맞춰 도전하는 자세""인턴 기간 ‘글로벌 전개형 표준 모빌리티’ 프로젝트에서 개발 기간 단축에 의한 업무량 증가 문제를 개선하며 효율을 높이기 위한 방법으로 변화에 맞춰 새로운 시도가 필요함을 알았습니다.기존 일 200개 web 성능 테스트를 배정받았지만, 협력사의 개발 기간 단축으로 마감 기간이 짧아졌고, 일 300개로 업무량이 증가했습니다. 하나씩 진행하던 기존의 수행 방식은 속도가 느려 dead line을 맞추기 어려웠고, 수행 시간을 단축할 방법이 필요했습니다.테스트 목록을 분석한 결과, 특정 조건만 바꾸어 동일 테스트가 반복되는 것을 확인했습니다. 책임님의 허락 하에, 중복제거를 위해 모든 파라미터 조합을 포함하는 최소의 test 생성 기법인 Pair-Wise Testing을 접목해 업무를 간소화하기로 하였습니다.배정받은 테스트와 기획서를 참고해 3개 이내의 조건만 다른 Test 들을 그룹화해 excel로 추출했습니다. allpairs tool로 Pair wise testing을 진행해 전체 테스트의 30%를 all cover test로 15%까지 축소시켰습니다. 진행할 테스트의 감소는 업무 속도 향상으로 이어졌고, 마감 기한 내 모든 테스트를 수행할 수 있었습니다.변화에 대한 빠른 대응은, 지식과 노하우를 바탕으로 한 새로운 시도를 통해 시간 단축, 비용 절감의 효과로 이어질 수 있다는 것을 배웠습니다. 입사 후 배운 업무 지식을 바탕으로 새로운 도전을 두려워하지 않고 발전하는 엔지니어가 되겠습니다.""멘토링을 통해 배운 경청과 배려의 자세""OOO 교육 멘토링에서 대학생 멘토로 OO중학교 멘티의 학업 멘토링을 배정받았습니다. 평소 밝고 활발한 멘티였지만, 사춘기의 영향으로 때때로 예민하고, 이유 없이 의욕이 저하되는 모습을 보였습니다.어른의 눈높이에서 바라보는 것은 한계가 있다고 생각하여 멘티의 표정, 몸짓, 말투 하나하나를 세세하게 관찰하며 감정을 파악하는 습관을 키웠습니다.처음 보는 표정이 나올 때, 갑자기 답답해하는 몸짓을 보일 때마다 당황하기보단 이유를 물으며 고민을 들어주는 시간을 가졌습니다. 여드름 때문에 스트레스를 받던 멘티의 고민을 듣고, 학창 시절 여드름 관리를 위해 공부했던 것들을 공유하고, 수업 시간 외에도 같이 식단 관리와 운동 계획을 세우며 4개월간 노력 끝에 여드름 완치에 성공하였습니다. 학업 지원도 멘토의 역할이지만, 한 명의 선생님으로서 멘티와 소통하며 책임감을 기를 수 있었고, 이후 새로운 만남이 생길 때 상대의 눈높이에 맞춰 경청하고, 배려하는 자세를 가지며 속마음을 공유할 수 있는 자세를 가지게 되었습니다."
삼성전자㈜,2023년 하반기,IT·전자,생산·공정관리자,최근 사회이슈 중 중요하다고 생각되는 한가지를 선택하고 이에 관한 자신의 견해를 기술해 주시기 바랍니다. (1000자 (영문작성 시 2000자) 이내),"""'장마' 생명력을 다하다 - 일상에 침투한 기후 변화""10년 만에 공개된 기상청의 장마백서에서, 500년 동안 사용된 '장마'라는 표현이 곧 생명력을 다함을 공표했습니다. 8월 8일 서울에 내린 하루 381.5㎜의 역대급 폭우는 강남 일대를 침수시켜 수많은 재산피해와 인명 피해를 일으켰습니다. 이 사건에서 주목할 점은 본디 장마 기간인 6~7월 전반에 걸쳐 조금씩 내려야 할 비가, 장마 기간이 끝났음에도 장마와 맞먹는 폭우로 8월 초순과 하순에 걸쳐 집중적으로 내리는 양상으로 패턴이 변화했다는 것입니다.이러한 이상 현상의 배후엔 ' 기후 변화 '가 있습니다. 2022년 세계에서 가장 건조한 장소로 유명한 미국의 데스벨리에 홍수가 일어나고, 북반구는 역사상 가장 더운 여름을 맞이했습니다. 더 이상 기후 변화는, 우리가 예방할 수 있는 것이 아닌, 과거에 경험해 보지 못한 현재 진행형에 있는 미래의 사건이 되어 세계를 위협하고 있습니다."
삼성전자㈜,2023년 하반기,IT·전자,생산·공정관리자,"지원한 직무 관련 본인이 갖고 있는 전문지식/경험(심화전공, 프로젝트, 논문, 공모전 등)을 작성하고, 이를 바탕으로 본인이 지원 직무에 적합한 사유를 구체적으로 서술해 주시기 바랍니다 (1000자)","""데이터 분석 tool을 활용한 전력 낭비 문제 해결""‘자가발전 교통 시스템 개발 프로젝트’에서 파이썬을 활용해 조도 센서 밝기 값 데이터를 분석하여 전력 낭비 문제를 해결한 경험이 있습니다.태양 전지로 발전된 전력 에너지를 저장해 저녁에 시스템에 전력을 공급하도록 설계했습니다. 이 과정에서 해가 지기 전에 시스템이 동작해 전력 낭비가 생기는 문제가 발생했습니다.원인 분석을 위해 아두이노로 3일간 조도 센서에서 인식한 밝기 값 데이터를 수집하고, 파이썬으로 시간에 따른 밝기 값 변화를 시각화해 데이터의 트렌드를 분석했습니다. 밝기 값이 급감하는 구간을 분석해 해가 지는 시점의 밝기 값을 찾았습니다. 최적화된 밝기 값을 작동 조건으로 설정해 정확한 시점에 시스템이 작동하도록 하였습니다. 그 결과 전력 낭비가 줄어 전후 대비 작동시간이 12.8% 증가하였습니다.데이터 분석 tool을 이용한 문제해결 능력과 데이터 중 핵심을 찾는 안목을 키울 수 있었습니다. 이슈 발생 시 정확한 분석으로 최선의 solution을 찾아 설비의 가동률 향상에 힘쓰겠습니다.""실습을 통한 공정 장비의 이해""반도체 관련 전공을 수강하며 MOSFET 동작 원리와 특성을 이해하고, ic 프로세스를 통해, 각 단위공정을 유기적으로 이해했습니다. 이를 바탕으로 마이크로 및 나노 공정 PECVD 실습 청강으로 장비의 이해를 높이고, 각 부품과 파라미터의 관계를 고찰했습니다.PECVD 장비의 하드웨어 구성을 관찰하며, 부품들의 역할과 작동 원리를 파악했습니다. gas의 흐름, plazma power 조절 방식 등을 파악하며 각 부품으로부터 공정 변수가 도출되는 원리를 이해했습니다. 독립된 5가지 부품이 유기적으로 연결되어 박막 공정이 진행되는 것을 관찰하며, 공정 변수가 샘플에 미치는 영향을 고찰해 보았습니다. 독립된 공정 변수가 조화를 이루었을 때, 품질 향상에 기여할 수 있음을 알았습니다. 부품 하나하나의 설비 유지 보전이 곧 품질과 수율에 직결됨을 알았습니다.입사 후 설비 구조를 빠르게 이해하고, 이를 바탕으로 설비의 생산성 향상에 기여하겠습니다."
㈜포스코,2023년 상반기,철강·소재,생산직종사자,포스코 생산기술직에 지원하게 된 동기와 입사 후 달성하고자 하는 목표에 대해 기입해 주십시오.,"포스코의 인재상 중 글로벌 역량, 도전정신, 전문역량 이 3가지 인재상이 제 목표인 전기 명장과 적합하다는 생각에 지원을 결심하게 되었습니다. 저는 전기 명장으로서 글로벌 역량을 쌓기 위해 한국전기안전공사에 견학해 전기안전교육과 같은 직무 교육을 받았습니다. 또한 목표에 도달하기 위한 밑거름을 쌓기 위해 고등학교 전공 수업과 자격증 공부를 부단히 병행하였습니다. 낮에는 학교 수업과 과제에 집중하였고, 방과 후에는 기숙사에서 마음이 맞는 친구들과 스터디 그룹을 만들어 기능사 필기 공부에 매진하였습니다. 그 결과 전기 기능사, 승강기 기능사 등 자격증 4개를 취득하며 전문역량까지 갖출 수 있었습니다. 이런 저의 도전역량이 전기 명장과 같은 포스코에 적합한 인재라는 생각이 들었습니다. 제 인생의 목표는 전기산업 업종의 거장이 되는 것입니다.저는 회사에 입사 후에 충실한 업무 능력으로 저의 의무를 다할 줄 아는 사원이 되고 싶습니다. 사회생활은 인생의 또 다른 전환점이라고 생각합니다. 학교생활보다 더 힘들고 버거운 일이 있더라도 이겨내겠다는 마음으로 부지런히 노력하면 무슨 일이건 못할 리가 없으리라 생각합니다. 또한 현실에 안주하지 않고 착실히 실무적인 경험을 쌓고 전기산업기사, 전기기사 등을 취득하기 위해 공부하며 꾸준히 자기계발 하고 계속해서 도전할 것입니다. 신입의 마음가짐으로 선배님들의 말에 경청하고 많은 이들과 소통해 회사에 이바지하는 인물이 되는 것이 저의 목표입니다."
㈜포스코,2023년 상반기,철강·소재,생산직종사자,지원 분야에서 가장 필요하다고 생각되는 역량과 해당 역량을 향상 시키기 위해 어떠한 노력을 기울여 왔는지 기입해 주십시오.,"생산업무에서 가장 중요한 요소는 투입 대비 높은 산출이라 생각합니다. 이러한 생산성을 높이기 위해서는 생산 공정을 계획적으로 수립하고 수행할 필요가 있습니다.고등학교에 입학해 기숙사 생활을 하고 있습니다. 함께 방을 쓰는 친구들과 원활하게 생활하기 위해서는 규칙을 지키고 역할을 분담해 지키는 것이 중요하며 이를 위해서는 계획이 필요합니다. 기숙사에서 생활하는 학생들은 본인의 생활실뿐만 아니라 특정 구역을 청소했습니다. 제가 속한 그룹은 분리수거를 담당했는데, 무질서한 상황 속에서 2인 1조로 팀을 꾸려 청소할 구역을 나누자는 의견을 내 청소하는 시간을 반으로 단축한 경험이 있습니다. 이 일을 통해 저는 계획을 세우고 일을 하는 것이 일을 처리하는 시간을 단축하는데 중요한 역할을 한다는 것을 깨달았습니다. 이 일을 계기로 중요한 일부터 차례대로 해결하는 습관을 지니려 노력했습니다.일을 하기 전에 계획부터 짜는 습관을 기르다 보니 자연스레 맡은 일들을 매사 계획적으로 처리할 수 있었습니다. 이렇게 얻은 장점을 바탕으로 제가 회사 입사하게 된다면 완벽한 시간 관리를 통해 업무에 집중하고 최대로 일해 능률을 올릴 수 있습니다."
㈜포스코,2023년 상반기,철강·소재,생산직종사자,"협업, 소통, 희생, 봉사, 성장, 변화추구, 중 해당역량을 활용하여 목표를 수행했던 경험을 기입해 주십시오","고등학교에서 마술부 동아리에서 1년간 활동을 하였는데 이를 통해 협업, 소통을 배울 수 있었습니다. 제가 가입한 마술부는 학교 축제 기간 때마다 공연 부스를 차려 학생들을 대상으로 마술을 공연했습니다. 마술을 배우기 위해 동아리에 들어왔던 저는 공연 가능한 마술이 없었기에 타인 앞에서 공연한다는 것이 두렵고 걱정의 연속이었습니다. 하지만 이번의 일이 나의 소중한 경험이 될 거라고 생각을 전환하고 한번 해보자는 마음을 가지게 되었습니다. 2달간 저는 부족한 손기술을 연습하기 위해서 팀원들과 공연 리허설을 하거나 서로의 마술 실력에 피드백하는 등 합을 맞춰갔습니다. 그 결과 마술부에 가입한 당시에는 아무것도 할 수 없었던 모습에서 미숙하지만 나름대로 공연할 기반이 쌓이게 되었고 공연도 성공적으로 마칠 수 있었습니다. 저는 이러한 경험을 통해 긍정적으로 생각하며 진취적인 모습으로 변화하여 지금은 누구보다 활발하고 활기찬 성격을 가지게 되었습니다. 바뀐 성격을 통해 기숙사에서처음 본 친구들과 빠르게 친숙해질 수 있으며, 낯선 곳에 가서도 잘 적응할 수 있게 되었습니다. 이런 성격 덕분에 조별 과제나팀 프로젝트를 할 때마다 저와 한 팀이 되고 싶은 친구가 많이 생겼습니다."
현대자동차㈜,2023년 상반기,자동차·기계,품질관리자,"본인의 장점과 단점을 기술해 주시고, 단점을 극복하기 위한 노력을 말씀해 주십시오.(600자)","""계획적이며 꼼꼼함""제 장점은 모든 일을 계획적이고 꼼꼼하게 수행하는 것입니다. 이러한 장점으로 학업에서 꾸준히 좋은 성적을 받을 수 있었습니다.매 학기 각 과목을 세부적으로 계획하고, 계획표를 보며 놓치는 과제나 시험은 없는지 꼼꼼하게 확인하며 진행했습니다. 결과적으로매 학기 좋은 성적을 유지할 수 있었고, 성적장학금도 2번 받을 수 있었습니다. 하지만 장점이 가끔 단점이 될 때가 있습니다. 중요한 일을 너무 꼼꼼하게 진행하다 보니 비교적 덜 중요한 일은 시간에 쫓겨 완벽하게 해내지 못하는 것입니다. 4학년 때 전공을 학습하느라 교양과목을 제대로 학습하지 못하였고, 결과적으로 교양과목의 결과가 좋지 않았던 경험이 있습니다. 이를 계기로 단점을 보완하고자 하였고, 계획을 세울 때 중요한 일과 덜 중요한 일을 구분하여 시간을 적절히 배분한 뒤 실천하고 있습니다. 또한 끝난 후에는 적절히 실행했는지 돌아보며 실수를 통해 배우고 지속적으로 단점을 보완하기 위해 노력하고 있습니다."
현대자동차㈜,2023년 상반기,자동차·기계,품질관리자,"지원하신 직무에 지원한 동기는 무엇이며, 해당 직무에 대하여 본인이 가지고 있는 강점을 구체적 사례와 함께 말씀해 주십시오.(700자)","""데이터 분서 및 팀원과의 협력""평소 자동차에 관심이 많았고, 관심 있는 분야의 전공과 성격을 살릴 수 있는 직무에 지원하면 적극적으로 업무를 수행할 수 있다는 확신이 들어 지원하였습니다. 품질관리자는 품질 개선 및 원가 절감을 위해 데이터를 보기 쉽게 분류하고 꼼꼼하게 분석하는 것이 중요합니다. 저는 다양한 과목에서 데이터를 분석하며 데이터 분석 역량을 길렀으며, 팀 프로젝트를 통해 팀원과의 협력심을 기를 수 있었습니다.첫 번째로 안테나 설계 프로젝트에서 Trade-Off 관계의 데이터를 분석하며 데이터 역량을 길렀습니다. 기판의 두께, 크기, 효율, 대역폭 등 다양한 변수를 엑셀 파일로 정리하여 데이터를 시각화하고 최적의 Spec을 도출해 낼 수 있었습니다. 결과적으로 대역폭 부분에서 다른 사람보다 높은 Spec을 달성하여 최종적으로 A 학점을 받을 수 있었습니다.두 번째로 최근 나노융합기술원에서 참여한 프로젝트에서 팀원들과 협업하여 높은 성과를 얻을 수 있었습니다. 팀원들과 각자 맡은 역할뿐만 아니라 자신의 역할을 다 수행하면 적극적으로 팀원의 역할도 도왔고, 결과적으로 최우수상을 수상할 수 있었습니다.따라서 이러한 역량을 통해 입사 후 품질관리자로서 데이터를 꼼꼼히 분석하고 팀원과 협업하여 지속해서 품질을 향상할 수 있도록 최선을 다하겠습니다."
현대자동차㈜,2023년 상반기,자동차·기계,품질관리자,본인이 지원한 직무와 관련된 이슈를 선정하여 그에 대한 본인의 생각을 기술해 주십시오.(700자),"""SDV 전환 문제점 개선""최근 그랜저 신형 출시 후 센서 불량, 시동 꺼짐 등 다양한 불량 원인이 있었으며 이는 차량 이미지뿐만 아니라 기업의 이미지까지 실추시킬 수 있는 중요한 문제라고 생각합니다. 하지만 저는 이번 불량이 현대차가 신뢰를 회복하고 품질과 안전에 대한 의지를 보여줄 수 있는 기회라고 생각합니다. 하루빨리 SW의 문제점을 보완하여 신뢰도를 회복하고, 이를 계기로 기술 발전과 더불어 앞으로 개발되는 차량의 완성도를 더욱 높일 수 있을 것입니다.이를 위해서는 기업과 품질관리자의 역할이 중요합니다. 기업은 SW 발전에 따라 발생할 수 있는 문제점을 사전에 작업자에게 교육하고, 작업자는 실제 운전 중 발생할 수 있는 돌발 상황 등을 직접 구현하는 등 다양한 검사 방식을 도입하여 검수해야 합니다.예를 들어 최근에 그림자 때문에 AEB가 오작동하여 사고가 발생하는 영상을 봤습니다. 이러한 사고를 막기 위해서는 그림자의 크기와 음영 등을 조절하여 다양한 상황을 구현해 차량을 검수하는 것이 중요하다고 생각합니다. 따라서 저는 품질관리자로서 항상 열린 사고를 바탕으로 다양한 시각에서 품질을 관리하여 꾸준히 품질을 개선시키는 엔지니어가 되겠습니다."
현대제철주식회사,2023년 하반기,철강·소재,경영·비즈니스기획,"본인 성격의 장단점을 자신의 성장과정과 경험을 기반으로 서술하여 주십시오. (최소 100자, 최대 600자 입력가능)","원칙준수를 중요하게 여기는 제 아버지께선 '규칙은 산소와 같아서, 평소에 의식하지 못하지만 제일 중요한 본질이다'라고 계속 교육하셨습니다. 덕분에 원칙의 중요성을 일찍 깨닫고 원칙주의를 제 장점으로 만들 수 있었습니다.매일 실험실에 출근하면 하루의 첫 일과로 일일안전점검 및 일지 최신화를 하였습니다. 10분도 안 걸리지만, 바쁜 일상 때문에 미루는 사람이 많았습니다. 하지만 저는 일일점검이라는 룰을 지켜야 한다는 생각과, 안전사고 예방을 위해 스스로 일일점검을 했습니다.6개월 뒤, 갑자기 불시점검하는 날이 있었습니다. 저는 일일점검 매뉴얼 등을 지켜왔기에, 추가준비 없이 점검에 응했습니다. 그날 많은 실험실이 바쁘게 움직였지만, 특히 일일점검일지 관리에서 많은 감점을 당했고, 9개 연구실 중 저희 연구실이 학과 내에서 가장 우수한 평가를 받게 되었습니다. 원칙준수를 중요하게 여기는 제 장점이 잘 드러난 사례라고 생각합니다.단점으로는 규칙/매뉴얼을 따르려는 성향 때문에 융통성 부족, 고지식이라는 소리를 듣는 경우가 더러 있습니다. 심할 땐 위선자로 비치는 경우도 있는 것 같아서, 자신에게 먼저 엄격한 원칙을 적용하여 모범을 보이려고 노력하고 있습니다."
현대제철주식회사,2023년 하반기,철강·소재,경영·비즈니스기획,"현대자동차그룹 핵심가치(고객 최우선, 도전적 실행, 소통과 협력, 인재존중, 글로벌 지향) 중 본인의 경험을 기반으로 실천사례를 제시하시오. (최소 100자, 최대 600자 입력가능)","""도전적 실행 - 길바닥부터 월스트리트 마천루까지""대학 방학 2달 동안 미국 여행을 가고 싶었는데, 막상 예산을 짜보니 400만 원 중에 무려 숙박비가 200만 원을 차지해서 고민이었습니다. 그래서 '한 번 현지인에게 재워달라고 하면 어떨까?' 하고 생각했습니다. 만약 잘 안 돼도 길바닥에서 하루 자고 만다는 각오로.그래서 일단 출국했더니, 거짓말처럼 모든 호스트에게 거절당해서 첫날부터 노숙해야 했습니다.세상의 현실을 절절히 깨닫고 회의감에 귀국도 생각했습니다. 하지만 '뭘 더 잘할 수 있었을까?'라고, 반추하며 연락을 포기하지 않았습니다. 그랬더니, 놀랍게도 소도시 포틀랜드의 원룸을 시작으로, LA, 워싱턴, 뉴욕 월스트리트 마천루까지 11명의 다양한 호스트들이 기꺼이 저를 반겨주었습니다.첫날 실패하고 좌절했지만, 포기하지 않고 계속 현지인 분들에게 먼저 다가가려 노력하고 도전했기에 얻은 소중한 경험이라고 생각합니다. 제가 만약 '날 밀어내진 않을까?'라며 걱정부터 했다면 출국조차 할 수 없었을 것입니다. 해당 경험을 통해 실패하게 되더라도 '일단 해보자'라는 마음가짐과 실행력을 함양할 수 있었고, 이것은 지금까지도 귀중한 저의 자산입니다."
현대제철주식회사,2023년 하반기,철강·소재,경영·비즈니스기획,"본인이 회사를 선택함에 있어 중요시 여기는 가치와 현대제철이 왜 그 가치와 부합하는지 본인의 의견을 서술하여 주십시오. (최소 100자, 최대 600자 입력가능)","""업계 최초, 최고를 유지하는 현대제철""제게 회사를 고르는 데 있어서 가장 중요한 가치는 '장기근속이 가능한 회사인가'입니다. 이것은 단순히 고용 안정성을 뜻하는것이 아니라, 제가 얼마나 오래 회사에 '애사심'을 가지고 성장할 수 있을 것인지를 뜻합니다. 그리고 '애사심'은, 발전하는 기업에 속한 소속감을 느끼면서 제가 하는 일에 자신감을 얻고, 제 가치가 증명된다고 생각할 때 비로소 느낄 수 있다고 생각합니다.이렇게 생각하기에, 만약 업계 1위여도 변화하는 시장 속에 신사업 확장 등의 대응 없이 안주하며 고여가고 있는 기업이라면입사 지원이 망설여집니다.현대제철은 최초의 한국철강기업으로 시작해서 여전히 업계 최정상에 우뚝 서 있는 대기업입니다. 뛰어난 도전정신없이는 최초가될 수 없고, 꾸준한 혁신과 비전 없이는 업계 최정상 자리를 유지할 수 없다고 생각합니다. 미래 친환경 자동차 시장의 확대와 갈수록 높아지는 고객 요구 속에서, 현대제철은 '철 그 이상의 가치창조'를 목표로 새로운 도약, 도전, 발전 의지를 확고히 보여주고 있습니다.'100년 제철소'를 비전으로 세운만큼, 제게 현대제철만큼 '장기근속이 가능한 회사'는 없다고 생각합니다."
현대제철주식회사,2023년 하반기,철강·소재,경영·비즈니스기획,"해당 직무에 지원한 동기와 해당 직무에 본인이 적합한 이유 및 근거를 본인의 경험, 전공 등과 연계하여 서술하여 주십시오. (최소 100자, 최대 600자 입력가능)","경영혁신직무는 분석을 바탕으로 한 과제기획력이 중요하다고 생각합니다.저는 3D프린팅이 취미인데, 3학년 시절 3D프린터 이용을 위해서는 멀리 있는 타교 시설까지 가야 하는 것이 불편했습니다. 시설 부족을 느끼고, 여기서 착안하여 교내 비교과 프로그램 기획 공모전에서 3D프린터 등을 활용한 '부경 제작소' 운영을 제시했습니다.재학생을 대상으로 한 수요조사 결과 응답자 126명 중 38.9%가 충원해야 하는 프로그램으로 취 창업 관련을 1순위로 꼽았습니다.특히 고학년(3학년~)의 48.3%가 취 창업 관련을 꼽았습니다. 따라서 타 프로그램 대비 취 창업 관련 프로그램을 추진하면 학생들의 참여도가 높을 것으로 분석했고, 실제로 기업의 약 90%는 1인 창업이라는 창업진흥원의 3개년 통계를 근거로 기획을 타당성 있게 구상할 수 있었습니다.구체적 사업계획으로는 3D프린터 등의 전문 장비를 갖춘 메이킹 공간과 외부 인력 고용 및 인원 교육, 관리인으로 장학생선발 등세부 운영계획과 함께, 2,600만 원이라는 구체적 예산액까지 기획/제시했고. 최종 입상할 수 있었습니다. 해당 경험과 재료공학 전공을 살려서, 100년 제철의 비전에 경영혁신으로 기여하고 싶습니다."
두산에너빌리티(주),2023년 상반기,자동차·기계,재무담당자,지원하는 회사와 분야(직무)에 대한 지원동기를 자유롭게 기술 하세요.,"두산에너 빌리티의 우수한 원전 기술력과 친환경 에너지 사업 전환 통한 성장에 매력을 느껴 지원했습니다. 두산에너빌리티는 국내 최고의 원전 기술을 가지고 있고, 원전 수출도 기대되고 있습니다. 또한, 가스 터빈, 풍력, 태양광 등의 사업 전환으로 지속적으로 성장할 것이라 확신해서 지원했습니다.그중 자금 직무의 리스크 관리자로 성장하고 싶어서 재무에 지원했습니다. 리먼브라더스 사태가 세계 경제에 미치는 영향들을 분석하면서, 리스크 관리의 매력을 느꼈고, 리스크 관리자로 성장하고 싶었습니다. 따라서, 7개의 경제 전공 수강 및 신용보증기금에서의 기업 보증 연장, 갱신 업무를 수행하면서 리스크 관리 역량을 키웠습니다.이러한 역량으로, 유동성 리스크를 막아서 친환경 에너지 사업의 성공적인 전환에 기여하겠습니다."
두산에너빌리티(주),2023년 상반기,자동차·기계,재무담당자,"본인의 장/단점과 입사 후 장점은 어떻게 활용되고, 단점은 어떻게 보완 할 수 있겠는지를 기술하세요.","갈등을 중재하는 것이 저의 장점입니다. 동아리, 공모전에서 갈등이 발생할 때, 적극적으로 중재에 나서며, 팀원들과 지속적으로 대화하면서, 의견 조율을 거쳐 갈등을 수습했습니다. 이러한 장점으로, 유관부서와의 갈등이 생길 때, 적극적으로 중재에 나서, 갈등을 수습하며 원활한 협업이 이루어질 수 있도록 노력하겠습니다.반면에, 과한 열정으로 페이스 조절에 실패하는 것이 저의 단점입니다. 이러한 단점을 보완하기 위해, 회사에 입사한 후, 주/월 단위 스케줄 표를 꼼꼼하게 작성하겠습니다. 이를 통해, 업무를 균형 있게 관리하여 오버 페이스를 막을 것이고, 능동적인 업무 관리를 통해 업무 집중도와 생산성도 높이겠습니다."
두산에너빌리티(주),2023년 상반기,자동차·기계,재무담당자,"본인이 살아오면서 가장 도전적이었거나 가장 인상 깊었던 경험을 기술하세요 (예. 프로젝트 및 공모전 경험, 학회/동아리 등 단체활동, 인턴/아르바이트 등 사회경험, 리더십 수행 경험, 역량개발 경험, 해외경험, 국내/외 봉사활동 등)","""위기를 극복하고 입상을 하다""금융보안원 공모전 경험이 가장 인상 깊었습니다. 그 이유는 마감 2주 전에 주제를 바꿔야 하는 위기를 극복하고, 입상했기 때문입니다. 핀테크 규제 현황과 개선 방안을 주제로 정했으나 조사 과정에서 이미 해당 주제가 시행 예정임을 발견했습니다. 따라서 주제를 바꾸지 않으면 한계점이 명확해 보였기에 주제를 바꾸기로 결정했습니다.당시 가상 자산의 변동성이 심했고, 정부와 금융당국이 가상 자산으로부터 금융소비자를 제대로 보호하지 못하는 모습에 문제의식을 가졌습니다. 따라서 우리나라 정책과 법이 금융소비자를 가상 자산으로부터 보호하지 못하는 원인 파악 및 개선방안 도출을 주제로 정했습니다. 논문의 논리성을 키우기 위해 세 가지 업무를 맡았습니다.첫째, 7개의 국내 논문 조사를 바탕으로 가상 자산과 기존의 자산과의 차이를 분석해서, '자본시장법'으로 규제를 못 하는 원인을 파악했습니다. 금융당국은 가상 자산의 자산성을 부정하기 때문에, 자본시장법으로 처벌할 수 없음을 파악했습니다.둘째, 국내외 가상 자산 거래소에서 자체적으로 금융소비자 보호 정책들을 조사하였고, 비교 분석을 했습니다. 이를 통해 각 거래소의 정책이 일관적이지 않음을 알 수 있었고, 자체적으로 한계가 있는 부분도 파악했습니다.셋째, 가상 자산에 대한 우리나라 정책과 법을 미국, EU와 비교했습니다. 이를 통해 우리나라 정책과 법의 한계점을 파악했고, 개선 방안을 도출했습니다.이러한 노력을 통해, 위기를 극복하고 장려상을 받아 입상할 수 있었습니다."
LG CNS,2023년 상반기,IT·전자,소프트웨어개발자,지원분야와 관련된 지식이나 경험을 기재하여 주십시오.,"삼성 청년 SW 아카데미에서 팀원들과 프로젝트 경험을 하며 사용자 관점의 중요성과 빅데이터 분석을 통한 합리적 의사결정을 배웠습니다. 고령층을 위한 키오스크를 제작하는 IoT 프로젝트에서는 캄테크 기술을 적용하여 사용자의 터치 입력을 최소화하기 위해 노력했습니다. 이러한 과정에서 default 값의 변경과 같은 사소한 변화도 사용자 경험을 향상시킬 수 있다는 것을 배우게 됐습니다. 또한 빅데이터를 활용한 게임 추천 서비스를 기획하는 프로젝트에서는 사용자의 평점, 리뷰, 취향 데이터들을 종합적으로 활용하여 추천 알고리즘을 만드는 활동을 했습니다. 이 과정에서 KNN 알고리즘을 활용하여 데이터 분석을 통해 합리적 의사결정을 내리는 방법을 배웠습니다. 그래서 이러한 경험을 토대로 현재의 ERP 시스템에 빅데이터 활용 등과 같은 기술 도입을 통해 업무 프로세스를 개선할 수 있는 점이 있는지 사용자 관점에서 고민하면서 직원들의 업무 생산성 증대에 기여하도록 하겠습니다."
LG CNS,2023년 상반기,IT·전자,소프트웨어개발자,LG CNS에 지원한 동기와 입사 이후 꿈꾸는 것은 무엇인가요,"저는 배움을 통해 도전하는 사람입니다. 2년 반 동안 은행에서 일하며 금융업의 디지털화를 몸소 느끼면서 디지털 역량에 대한 갈망을 느끼게 되었고, 삼성 청년 SW 아카데미 교육 과정에 입과 하게 되었습니다. 이후 약 8개월간 매일같이 아침부터 밤까지 공부하며 개발자로서의 기본기를 다졌습니다. LG CNS는 고객 가치 혁신을 위해 도전하고 성장해가는 회사입니다. 특히 최근에는 차세대 ERP 프로젝트를 위해 SAP와 협력을 하기도 했습니다. 이처럼 빠르게 변화하는 디지털 환경에서 새로운 선택을 통해 성장해나가는 모습이 저의 가치관과 부합한다고 생각하여 지원하게 되었습니다. 그래서 향후 입사 후에는 경제학적 지식을 십분 활용하여 재경 도메인에서의 전문가로 성장하고 싶습니다. 특히 RPA, AI 분야 등에 대한 학습을 통해 고객에게 더 나은 솔루션을 제공할 수 있는 ERP 컨설턴트로 성장해 나가고 싶습니다."
㈜KT,2023년 상반기,통신·미디어,R&D·연구원,KT 및 해당 직무에 지원한 동기와 KT 입사 후 해당 직무의 전문가로 성장하기 위해 어떠한 노력을 할 지 구체적으로 기술해 주십시오. (최대 500자 입력가능),"“다양한 음성 서비스 제공”KT에서 다양한 음성 서비스가 있습니다. 개인 맞춤형 음성, AI voice, 기가 지니 등 음성 서비스를 제공하고 있습니다. 다양한 음성 서비스 제공을 통해 상황에 맞춘 음성 기술을 가지고 있습니다. 음성 인공지능에서 높은 기술력을 가지고 있는 KT에 입사하여 음성 인공지능의 전문가가 되어 KT와 같이 성장하고 싶습니다.“음성 서비스 성장을 위한 노력”음성 합성, 인식 가리지 않고, 음성 서비스의 성능을 높이기 위해서 관련 분야의 지식을 끊임없이 습득하고 새로운 기술 개발에 힘쓰겠습니다. 음성 데이터는 이미지와 비슷한 형태를 가지고 있기 때문에 음성 관련 기술뿐만 아니라 이미지 생성 관련 기술을 익혀 음성 인공지능 개발에 적용하겠습니다. 음성에 합성과 인식에 필요한 음성학적 지식을 늘리고, 언어적인 지식도 습득하여 다양한 언어와 사람이 말하는 듯한 발음을 합성하는 음성합성으로 발전시키겠습니다."
㈜KT,2023년 상반기,통신·미디어,R&D·연구원,"지원 직무와 관련된 협업 경험을 본인이 수행한 역할 중심으로 제시하고, 해당 경험을 통해 무엇을 얻었는지 기술해 주십시오. (최대 500자 입력가능)","“경험을 기반한 프로젝트 리딩”현재 텍스트 번역과 음성 합성을 통해 강의 영상을 번역된 음성으로 만드는 시스템을 만들고 있습니다. 타 연구실과의 협업을 진행하고 있고, 프로젝트 리더와 음성 합성 파트 개발을 맡고 있습니다.텍스트 번역 인공지능에 대한 경험은 없습니다. 하지만 이전에 텍스트 인공지능 관련 수업을 들었고 이를 기반으로 관련된 연구 내용을 이해할 수 있었고 소통하는 데 있어서 어려움이 없었습니다.또한 제가 맡은 음성 합성 파트를 다른 파트를 진행하는 팀원들도 이해할 수 있도록 음성과 관련된 내용들을 정리해서 알려주고, 결과를 공유하였습니다.리더로서 프로젝트 진행할 때 가장 중요한 점이 프로젝트에 대한 기본 지식이 있어야 한다는 것을 알았습니다. 또한 팀원들과의 소통을 통해서 프로젝트 방향을 잡고, 맡은 파트별 조정이 필요한 부분을 협의하는 것을 배울 수 있었습니다."
㈜KT,2023년 상반기,통신·미디어,R&D·연구원,지원 직무와 관련해서 본인의 대표적인 연구/Project 수행 경험에 대해 구체적으로 기술해 주십시오. (최대 500자 입력가능),"Zero shot TTS 구현을 연구하였습니다. TTS 모델은 Glow-TTS를 기반하여 구현했습니다. 기존의 Zero shot TTS에서 speaker encoder로 사용된 모델은 LSTM 3개 층을 쌓아 구현되었습니다. LSTM만을 이용한 경우 음성 정보 외 다른 정보들이 반영될 가능성이 높습니다. 이러한 단점을 극복할 수 있도록 Convolution 연산이 포함된 auto encoder과 conv-LSTM 모델을 통해 구현을 시도하였습니다.Auto encoder의 경우 사전 학습 후 분류 학습을 통해 음성의 특징 추출을 시도했습니다. 하지만 음성의 특징을 압축만 하였고, 음성별로 구별하지 못하였습니다.Conv-LSTM의 경우 GE2E-loss를 이용한 유사도를 이용해서 학습하였습니다. 유사도를 이용하여 화자의 분포 학습을 통해 zero shot TTS를 구현하였습니다."
㈜KT,2023년 상반기,통신·미디어,R&D·연구원,"본인의 AI 개발역량이나 관련 지식 및 보유 Skill 등에 대해 구체적으로 기술해 주십시오. (예: C/C++/Python 프로그램 숙련도, 머신러닝을 활용한 개발 경험 등) (최대 500자 입력가능)","여러 프로젝트를 경험하였습니다. 수업에서 머신러닝과 텍스트 기반 인공지능 프로젝트를 진행하였고, 연구 주제로 이미지 기반 불량 검출과 음성 합성 프로젝트를 진행하였습니다. 프로젝트를 통해서 python, pytorch, scikit-learn을 사용할 수 있게 되었습니다.머신러닝 프로젝트를 통해서 데이터 분석을 통해 문제를 해결하는 데 필요한 데이터 선택을 할 수 있게 되었습니다. 텍스트 기반 인공지능을 이용한 객체에 추출하였습니다. 텍스트 기반 인공지능에 대한 이해를 갖출 수 있었습니다.이미지 기반 불량 검출에서 모델을 변경하고, 이미지를 다루는 방법을 습득하였습니다. YOLO와 U-Net 모델을 사용하여 봄으로 인공지능 모델에 대한 이해를 높일 수 있었습니다.음성 합성 프로젝트를 통해 모델을 구성하는 경험을 해보았고, 연구에 필요한 음성학, 오디오 처리에 대하여 지식을 습득하였습니다. 여러 논문을 읽으며 기존의 TTS 모델의 단점을 찾아 문제 해결을 해보았습니다."
㈜현대백화점,2023년 상반기,유통·서비스,재무담당자,지원 동기와 지원 직무에 적합하다고 생각하는 이유가 무엇인지 기술해주세요.,"어려운 상황에도 과감히 도전하여 성장하는 현대백화점에 감명을 받아 지원했습니다. 코로나 시국 이후, 이커머스 시장의 성장에도 불구하고 현대백화점은 과감하게 도전하여, '더 현대 서울'을 대한민국의 랜드마크로 만들어서 성장했습니다. 저도 적극적으로 도전해서, 성장하는 것에 큰 가치를 두고 있습니다. 따라서 도전을 통한 성장의 가치관이 부합해서, 현대백화점에서 성장할 수 있다고 확신하므로 지원했습니다.다양한 활동들을 통해 재경 직무에 필요한 역량들을 키워서 적합하다고 생각합니다. 먼저, 9개의 경제 관련 공모전에 참가하여 통찰력과 분석력을 키웠습니다. 또한 금융권 회사에서 인턴으로 근무하면서, 리스크 관리 역량을 키웠습니다. 마지막으로, 경제 스터디 활동을 하면서 이슈가 된 경제 사례들을 조사하고, 우리나라 경제에 미친 영향들을 분석하면서 경제, 금융 이해도를 높였습니다. 구체적으로, 미국의 고금리와 인플레이션의 고착화가 우리나라 경제에 미치는 영향들을 경제 모형으로 분석했습니다."
㈜현대백화점,2023년 상반기,유통·서비스,재무담당자,"본인이 주도적으로 팀을 이끌어 목표에 도전해본 경험에 대해 기술해주세요. (쉽지 않은 목표에 도전한 이유, 팀 내 본인의 역할, 도전과정에서 어려웠던 점, 극복한 방법 등)","위기를 극복하고, 금융보안원 공모전에 입상한 경험이 있습니다. 저는 팀장을 맡았으며, 회의를 이끌고 업무를 배분했습니다.마감 3주를 앞두고 주제를 바꿔야 하는 문제가 생겼습니다. 핀테크 규제 현황과 개선 방안을 주제로 정했으나 조사 과정에서 이미 해당 주제가 시행 예정임을 발견했습니다. 팀장으로서, 주제를 바꾸지 않으면 한계점이 명확해 보였기에 주제를 바꾸기로 결정했습니다.평소 정부와 금융당국이 변동성이 심한 가상 자산으로부터 금융소비자를 제대로 보호하지 못하는 모습에 의문을 가졌습니다. 이러한 생각을 팀원들에게 공유했고, 공감해서 우리나라 정책, 법이 가상 자산으로부터 금융소비자를 보호하지 못하는 원인 및 개선방안을 주제로 정했습니다.그 후, 저희는 주 4회 대면 회의를 가져서 각자 조사한 자료들을 공유하고, 논문을 작성했습니다. 또한, 수시로 비대면 회의를 가져서, 각자 작성한 논문을 피드백했습니다. 이러한 노력으로 퀄리티 높은 논문을 완성했고, 장려상을 받았습니다."
㈜현대백화점,2023년 상반기,유통·서비스,재무담당자,"다른 사람들이 당연하게 여겨 의식하지 못했던 비효율적인 것에 대해 문제를 제기하여 해결한 경험에 대해 기술해주세요. (문제인식 과정 및 문제라고 생각한 이유, 문제해결 과정, 그 과정에서 느낀점 등)","대학교 논술 가이드를 하면서 지도에 직관적인 위치 표기를 통해 효율성을 높인 경험이 있습니다. 제가 근무할 건물이 크고 복잡한 반면에 지도에 '현 위치'가 표시되지 않은 문제를 발견했습니다. 이는 지도가 실질적인 기능을 하지 못해 많은 수험생들이 길을 헤매며, 몰릴 경우 통솔하기 어려울 것이 분명해 보였습니다. 담당자분께 상황을 설명드렸고, 지도에 직관적인 스티커 부착을 건의드렸습니다. 담당자분도 인식하지 못했던 부분을 알게 되어 저에게 고마움을 표시했고, 건물 내 지도에 현 위치를 표시하는 스티커를 부착했습니다. 그 결과 논술 시험 당일 많은 수험생들이 몰려와도 지도를 통해 쉽게 강의실을 찾을 수 있었기 때문에 효율적으로 수험생들을 안내하며 통솔할 수 있었습니다. 따라서 사고 없이 안전하게 시험을 마칠 수 있었습니다.이를 통해, 당연한 것을 당연하게 여기지 않는 태도의 중요성을 느꼈습니다. 비효율적인 제도를 개선해서, 회사의 손익 강화에 기여하겠습니다."
㈜현대백화점,2023년 상반기,유통·서비스,재무담당자,"서로 다른 사고방식이나 환경을 가진 사람들과 과제를 수행하면서 팀워크를 형성하기 위해 노력했던 경험에 대해 기술해주세요. (팀워크를 형성하려 했던 이유, 본인의 행동과 결과, 그 과정에서 느낀점 등)","적극적인 의사소통을 통해 팀워크 형성에 긍정적인 영향을 끼쳤습니다. 팀원들과 협동하여 시나리오를 작성하고, 직접 연기한 부분을 녹화해서 영상으로 제작해야 하는 과제가 있었습니다. 비대면 수업이기 때문에, 팀원들 간의 의사소통이 원활하지 않았고, 적극적으로 과제에 참여하지 못했습니다. 이러한 상황이 지속되면 과제의 퀄리티가 낮아 좋은 성적을 얻기 힘들 것이라 예상해서, 팀워크 형성의 필요성을 느꼈습니다.따라서 팀원들에게 대면 회의를 제안했고, 논의 끝에 주 1회 대면 회의를 가졌습니다. 회의를 주도적으로 이끌어서, 의견을 활발하게 공유하려고 노력했습니다. 이를 통해 비대면으로 2시간 걸린 회의가 대면에서 1시간으로 줄었고, 의견 공유가 활발해서 생산성도 높았습니다. 그 결과 시나리오 작성과 업무 배분을 수월하게 할 수 있었고, 연기도 자연스럽게 해서 퀄리티 높은 과제를 완성했습니다.이러한 경험으로, 적극적인 의사소통을 통해 팀워크 형성이 가능하다는 것을 느꼈습니다."
㈜현대백화점,2023년 상반기,유통·서비스,재무담당자,"평소 현대백화점(백화점, 아울렛, 더현대닷컴/현대식품관투홈 등 온라인몰)을 이용하며 느꼈던 장단점을 제시하고, 현대백화점의 경쟁력을 제고할 수 있는 아이디어를 제시해주세요","먼저, 현대백화점의 장점은 현대백화점 카드의 할인 혜택입니다. 더 현대 서울에서 쇼핑을 하고 현대백화점 카드로 결제해서 할인을 받은 경험이 있습니다. 이를 통해 재방문 의사와 소비 심리가 커졌습니다.반면 단점은 현대백화점 카드의 사용 가능한 곳이 적다는 것입니다. 저는 부모님과 더 현대 서울에 가서 현대백화점 카드를 발급받았습니다. 현대아울렛 가산점에 가서 쇼핑을 한 후, 현대백화점 카드로 결제하려고 했으나 아울렛에서는 현대백화점 카드로 결제가 안된다고 해서 당황했습니다. 아울렛도 현대백화점에 속한다고 생각해서, 당연히 현대백화점 카드로 결제가 가능하고, 혜택도 받을 것이라 생각했으나 그렇지 않아서 당황한 경험이 있습니다.따라서 현대백화점 카드를 사용할 수 있는 곳을 늘리면 그에 따른 고객의 만족과 신규 고객의 수요가 증가할 것 같습니다."
