회사명,연도,직무분야,직무명,경력,질문 내용,답변
KB 국민은행,2025 상반기,IT·개발·전자,AI/데이터 부문,,1. KB국민은행 2025년 동계 체험형 인턴십 해당부문에 지원한 동기가 무엇인지 기술해 주십시오.,"[하나의 발전은 10의 실행, 100의 노력으로 완성된다]
저는 '1의 발전은 10의 실행, 100의 노력으로 완성된다'는 신념을 가지고 있습니다. 모든 시도가 성과로 바로 연결되지는 않았으나, 그 과정에서 얻은 경험을 통해 꾸준히 성장했습니다. 이러한 가치관은 KB국민은행의 '담대한 혁신' 비전과 일치한다고 느꼈고, 인턴으로 근무하며 기업과 더불어 개발자로서 같이 도전하며 성장하고 싶어서 지원하였습니다.
최근 국민은행은 신기술 및 신사업의 속도를 내기 위해 AI 거버넌스 구축을 진행하며 금융업의 디지털 전환을 가속화하고 있습니다. 또한 AI 포트폴리오 투자 서비스, AI 금융비서 등 금융과 디지털을 융합하며 고객 중심의 금융 혁신에 기여하고 있습니다.
국민은행의 AI 데이터 직무에서 인턴십 프로젝트를 수행하게 된다면, AI, 데이터 관련 연구 프로젝트를 수행하는 과정에서 모델 학습시, 데이터 피처 선정과 데이터 플로우 설계를 수행하며 최적의 모델 결과를 도출하겠습니다.
[다양한 시도로부터 도출된 성공 지표]
MSP 클라우드 회사에서 매도,매수가 예측 모델 업무 중, AWS에 대한 이해 부족과 데이터 노이즈가 많아 모델 정확도 도출에 어려움을 겪었습니다. 이를 해결하기 위해, 퇴근 후 공식 문서와 AWS 서밋의 MLOps 자료를 통해 이론을 실무 기술로 발전시켰습니다. 이를 바탕으로, S3에 적재한 데이터를 boto3을 이용해 SageMaker환경에서 분석하며, 데이터의 20% 결측치를 K-NN 알고리즘으로 보완하여 시간 순차성을 구축했습니다. 이후, Prophet 모델을 활용하여 WAPE 0.12의 성과를 달성하며 프로젝트를 성공적으로 마무리할 수 있었습니다.
이러한 경험을 토대로, AI 데이터 인턴 직무에서 다양한 가설을 시도해 보고, 경험을 통해 성장하며 AI 연구 프로젝트 최적의 결과를 도출하겠습니다. 궁극적으로, 국민은행의 AI 개발자로 입행하여 디지털 금융 전문가로 성장하겠습니다."
KB 국민은행,2025 상반기,IT·개발·전자,AI/데이터 부문,,2. 지원한 부문에서 이루고자 하는 목표와 그것을 위해 어떤 노력을 하였는지 기술해 주십시오.,"[금융과 디지털 기술의 상생을 추구하는 전문가]
저는 금융과 디지털 기술의 조화를 통해 고객과 기업 모두에게 가치를 창출하는 전문가가 되는 것입니다. 당행의 인턴십을 수행하며 금융 디지털 전문가가 되기 위한 초석을 다지고 싶습니다. 고객 중심 서비스를 선사하는 KB 국민은행에서 AI를 활용한 맞춤형 금융 솔루션 방식과 고객과의 연결성을 배우고 싶습니다. 이를 통해 디지털 기술을 기반으로 금융 서비스를 구축할 수 있는 역량을 키우고 싶습니다.
이를 위해 저는 금융, 클라우드, AI 도메인 분야에서 3번의 인턴 실습과 학부 연구생, AI 부트캠프를 통해 데이터와 기술의 융합 능력을 지속적으로 키워왔습니다. 이를 바탕으로, 졸업 프로젝트에서는 공공 데이터 API를 활용해 '서울 지역 인구와 트렌드'를 분석하는 프로젝트를 개발하며 데이터 수집, 처리, 예측 모델링을 수행했습니다.
EC2 인스턴스에서 nohup으로 백그라운드 프로세스를 지정해 2달간 시계열 데이터를 생성했습니다. 이 후, smtplib으로 모니터링을 진행하여 데이터 무결성 확보와 자동화 시스템의 안정성을 높였습니다. S3에 적재된 인구 데이터를 사용하여 Prophet 모델로 인구 동향을 92%의 정확도로 예측했으며, RDS에 저장된 리뷰 데이터를 Konlpy로 분석을 진행하고 지역별 키워드를 워드클라우드로 시각화하여 실시간 트렌드 서비스를 구현했습니다.
데이터 기반 인사이트를 서비스로 전환하는 과정에서 안정성과 신뢰성의 중요성을 배웠습니다. 특히, 자동화 시스템을 구축하고 유지보수 과정을 향상한 경험은 안정적인 금융 시스템을 유지하는 데 있어 중요한 역량이 될 것이라 확신합니다. 이를 바탕으로, KB 국민은행 인턴십을 통해 AI를 활용한 고객 맞춤형 금융 서비스를 경험하며, 디지털 혁신을 이끄는 실무 인재로 성장하고 싶습니다. 이를 바탕으로 금융과 디지털 기술의 상생을 추구하는 전문가로 성장하겠습니다."
KB 국민은행,2025 상반기,IT·개발·전자,AI/데이터 부문,,"3. 본인이 읽었던 책 중에 가장 추천할 만한 책을 소개하고, 그 이유에 대해 기술해 주십시오.","[죽은 시인의 사회, Carpe Diem]
제가 가장 추천하고 싶은 책은 '죽은 시인의 사회'입니다. 이 책은 자유와 창의성, 그리고 개인의 목소리를 찾는 과정을 다룬 작품으로, 저에게 삶의 방향성과 태도에 대해 깊이 고민하게 해주었고, 삶을 주도적으로 살아가는 자세의 중요성을 일깨워주었습니다. 키팅 선생님의 'Carpe Diem(현재를 잡아라)'이라는 가르침은 단순히 문학적인 울림을 넘어, 제가 목표를 세우고 실행에 옮길 때 반드시 기억해야 할 신념으로 자리 잡았습니다.
책을 읽으며 제가 기존에 가졌던 안전한 선택과 틀에 박힌 사고방식에 대해 다시금 생각하게 되었습니다. 이를 바탕으로, 학업과 업무에서 새로운 도전에 주저하지 않고, 배움과 성장을 위해 최선을 다하려 노력하게 되었습니다. 학부 시절부터 운영한 개인 블로그는 'Carpe Diem'의 대표적 사례입니다. 250개 이상의 게시물을 작성하며 2만 명 이상의 방문자와 함께 데이터 분석, AI, CS, Cloud 등 학업과 실무에서 배운 내용을 기록하고 공유했습니다. 이러한 과정은 단순한 지식 전달을 넘어 제 스스로 배우고 성장하며, 새로운 도전 과제를 찾아내는 계기가 되었습니다.
이를 바탕으로, AI 학회, 학부 연구생 등 주도적으로 학습을 도모하며 디지털 역량을 발전시켰습니다. AI 학회 활동을 수행하며 SOTA 논문 리뷰를 통해 Transformer, ViT 등 이론을 공부하고, 최신 기술이 어떻게 실제 문제에 적용되는지를 탐구했습니다. 이를 바탕으로, CV 스타트업과 산학협력 연구를 진행하며, Yolov5 모델의 객체 탐지를 이용하여 쓰레기를 탐지하는 학술 논문을 발표하였습니다. 연구를 진행하는 과정 중에서, 이미지 라벨링과 증강 기법을 통해 모델 성능을 최적화하며, 실질적인 문제 해결을 위한 AI 기술의 적용 가능성을 체감했습니다.
책의 교훈을 바탕으로, 국민은행에서도 끊임없이 도전하며 배움을 멈추지 않는 개발자로 성장하겠습니다."
KB 국민은행,2025 상반기,IT·개발·전자,AI/데이터 부문,,"4. 나와 대다수의 의견이 다른 경우, 본인이 대처했던 경험과 그로부터 얻은 교훈이 있다면 기술해 주십시오.","[직무 간 경계를 허물다: 혁신을 향한 협업]
타 은행 인턴 당시, 조장을 맡아 8명의 조원과 함께 혁신기업을 발굴하는 '창공' 프로젝트를 수행했습니다. 보고서 기획 초기, 전공과 업무의 차이에서 비롯된 사고방식 차이로 인해 기술적인 접근과 비즈니스 중심의 접근을 주장하는 조원들 사이의 의견 충돌이 발생하며, 보고서 작성 방향이 모호해지는 문제가 발생했습니다. 이를 해결하고자 저는 팀원 간 의사소통의 기반을 마련하고, 각자의 역량과 관점을 융합할 수 있는 방안을 고민했습니다
먼저, 의사소통 환경을 개선하기 위해 Notion을 활용한 공유 문서와 KPT 회고를 도입했습니다. 일일 회의에서 각자의 의견을 기록하고, 개선점과 주요 포인트를 분석하며 팀 소통의 공백을 메워나갔습니다. 이를 통해 각자의 강점과 개선점에 대한 팀원의 이해도가 높아졌고, 협업의 방향성을 하나로 모을 수 있었습니다. 이후, 각자의 전공 및 역량에 맞게 역할을 세분화하여 업무를 분담했습니다.
이를 기반으로, 공학적 사고를 가진 조원은 디지털 서비스 개선안과 UI/UX 개선안을 발굴했으며, 비즈니스 사고를 가진 조원은 SWOT 분석과 시장 진입 전략, ESG 경영 전략을 반영하여 보고서를 완성했습니다. 결과적으로, 하나의 목표를 향해 각자의 강점을 발휘한 협업은 보고서의 완성도를 높였고, 저를 포함한 대다수의 조원이 우수 인턴으로 선정되는 성과를 거뒀습니다.
이 경험을 통해, 가치 있는 협업을 위해서는 팀원 간 의도를 명확히 이해하고 공통된 목표를 설정하는 것이 중요하다는 것을 배웠습니다. 또한, 각자의 차이를 단점이 아닌 장점으로 융합할 때 시너지가 발휘된다는 점을 깨달았습니다. 인턴십 프로젝트의 직무연수와 프로젝트를 수행하는 과정에서, 의사소통을 통해 팀원 간 요구 사항과 강점을 명확히 파악하여 가설검증부터 모델 설계를 추진하여 AI 모델 및 분석 활용도를 극대화하겠습니다.
🔥KB국민은행 스크랩 TOP 자소서 함께 확인하세요!
https://linkareer.com/cover-letter/34829"
KB국민은행,2024 하반기,금융·지주,UB_기업고객금융·고객자산관리,,1. KB국민은행에 지원하게 된 동기를 본인이 지원한 부문과 연관지어 작성해 주시기 바랍니다.,"[고객 중심 소통으로 고객의 자산관리 단짝이 되겠습니다]
제가 가진 다양한 유형의 고객 응대 능력과 문제해결 능력, 윤리 의식을 국민은행의 개인금융 UB에서 발휘하고 국민은행의 노하우를 배워 국민은행의 성장과 사회적 가치 창출에 기여하고자 지원하였습니다. 국민은행 UB는 가장 가까운 거리에서 고객과 마주할 수 있기 때문에 무척 중요하며, 고객만족도조사 1위를 달성한 고객 중심성과 리테일 사업에 영업 역량을 집중하는 국민은행서 저의 강점을 잘 발휘할 수 있다고 생각하였습니다.
올리브영 아르바이트에서 고객 중심으로 생각하여 니즈를 충족시킨 경험이 있습니다. 방문하는 고객들의 연령대, 구매 시 가장 고려하는 점을 응대 중 설문 조사하여 행사 상품 배치에 활용하였습니다. 선호도를 고려한 상품 배치는 판매량 증가로 이어졌고, 고객 중심 마인드는 가치를 창출할 수 있다는 점을 배웠습니다. 저는 이러한 고객 중심 마인드를 입행 후에도 활용하겠습니다.
저는 그 중에서도 국민은행의 PB가 되고 싶습니다. 초고령화 사회로의 진입과 1인 가구 증가로 맞춤형 자산관리의 니즈는 계속해서 증가하고 있습니다. 이에 고객 만족과 전문성을 함양한 올라운더 PB가 되어 고객의 자산관리 니즈를 충족시킬 수 있도록 경제 등 여러 분야의 역량을 개발하고, 영업점에서의 원활한 고객 응대를 위해 고객의 다양성을 수용하는 시각을 키워 실무에 적용하겠습니다. 예를 들어, 금융소외 계층에는 금융 교육 프로그램을, 다문화 고객께는 ‘KB AI Translator’와 같은 다국어 번역 서비스를 소개하겠습니다."
KB국민은행,2024 하반기,금융·지주,UB_기업고객금융·고객자산관리,,"2. 빠르게 변화하는 금융환경 속에서 고객가치를 향상시키는 프로금융인의 역량과 자질은 무엇인지 기술하고, 본인은 어떤 준비를 하고 있는지 작성해 주시기 바랍니다.","[고객 만족과 전문성을 아우르는 올라운더]
KB국민은행의 프로금융인이라면 고객의 금융정보를 바탕으로 고객 니즈에 맞춰 다양한 업무를 혁신적으로 수행한다는 점에서 전문성, 윤리 의식, 의사소통 능력이 필요하다고 생각합니다. 저는 행정 인턴 경험과 판촉 아르바이트 경험으로 이러한 능력들을 쌓았습니다.
특히, 금융서비스는 신뢰를 바탕으로 운영되고 고객의 개인정보를 다룬다는 점에서 윤리 의식이 가장 중요하다고 생각합니다. 여기에 더해 금융상품은 고객분에게는 복잡할 수 있으므로 고객이 쉽게 이해할 수 있도록 쉬운 설명을 제공하는 의사소통 능력이 필요합니다. 1년간의 행정 인턴 근무에서 학생들의 개인정보와 중요한 공문서가 외부로 유출되지 않게 관리하고, 교내에서 발생하는 여러 문제를 해결하기 위해 교수님 협업하는 과정에서 해결 방안을 설명하며 의사소통 능력과 윤리 의식을 쌓았습니다.
덧붙여, 디지털 금융 서비스에 대한 최근 동향을 파악하기 위해 코리아 핀테크 위크에 참여하여 ‘AI 금융비서 ’와 ‘AI 포트폴리오’를 체험하였습니다. 금융 서비스에서 AI가 어떻게 활용될 수 있는지, 빅데이터를 통해 맞춤형 금융 서비스를 제공하는 방향으로 발전되고 있다는 점을 알 수 있었습니다.
또한, 은행원은 금융 상품 및 서비스, 금융규제, 경제 동향, 위험 관리 등에 대한 폭넓은 지식이 필요합니다. 저는 이러한 역량을 쌓기 위해 외환전문역 1종을 취득하였고, 관련 교육기관에서 경제전문가 교육을 받으며 미 연준의 금리인하와 스트레스 DSR에 관한 지식 등 경제 시각을 쌓았습니다.
이와 같은 준비를 통해 다변하는 금융환경에서 자산 가치를 극대화할 수 있는 역량을 갖추고, 프로 금융인으로서 고객에게 최상의 서비스를 제공하고자 합니다."
KB국민은행,2024 하반기,금융·지주,UB_기업고객금융·고객자산관리,,"3. 새로운 부문에 도전했던 경험(성공 또는 실패)을 기술하고, 이를 통해 배운 점을 향후 KB국민은행에서 어떻게 적용할 수 있는지 작성해 주시기 바랍니다.","[금융으로의 전환]
새로운 부문에 도전했던 경험 중 하나는 은행권에 대한 도전입니다. 저는 졸업 후 자산의 증가라는 더 높은 목표가 생겼고, 은행의 예·적금 상품과 투자상품을 이용하며 점차 금융 분야에 관심을 가지게 되었습니다.
[금융으로의 도전]
저의 전공과 전혀 다른 금융 세계에 진입하는 것은 저에게 있어 큰 도전이었습니다. 우선, 일정 기간 안에 어학, 금융 자격증 3개 이상 취득과 관련 분야의 지식을 학습하는 목표를 세웠습니다. 그 결과, 회계 및 세무와 경영학 과목을 수강하고 어학 자격증과 외환전문역 1종 자격증을 취득할 수 있었습니다. 처음에는 이해하기 어려웠지만, 점차 이해되기 위해 시작하며 시작하며 이러한 노력으로 끈기와 분석력을 얻을 수 있었습니다.
또한, 금융인은 의사소통 능력이 필수적이라고 생각하여 인턴 경험을 쌓았습니다. 행정 인턴 경험으로 타 부서에 갈등 없이 필요한 서류와 협조를 요청하고, 회의에서 교내 이슈에 대한 해결 방안을 제시하는 등 협업력과 소통 능력을 쌓을 수 있었습니다.
덧붙여, 이러한 역량을 쌓는 과정에서 기존 전공인 음악과 금융이라는 분야는 많은 공통점이 있다는 것을 알게 되었습니다.
첫째, 감정적 공감과 세심함은 고객의 입장을 이해하는 데에 큰 도움이 되어 고객의 재무 상태를 분석하고, 니즈에 맞는 적합한 자산관리 방안을 제시하는 데 있어 활용이 가능합니다. 둘째, 세심한 분석이 필요한 자산관리가 가능합니다. 음악적 배경을 통해 쌓은 분석력은 해당 역량이 요구되는 금융 지식 습득과 세심한 재무 상태 분석이 선행되는 자산관리에 있어 많은 도움이 될 것입니다. 이러한 경험을 활용해 저는 국민은행 입행 후에는 올라운더 PB가 되어 보다 혁신적이고 고객 중심의 금융 서비스를 제공하는 데 기여하고 싶습니다."
KB국민은행,2024 하반기,금융·지주,UB_기업고객금융·고객자산관리,,4. 예상결과가 부정적이고 해결이 어려웠던 과제를 혁신적인 생각과 행동으로 극복했던 사례를 구체적으로 작성해 주시기 바랍니다.,"[지역사회와 연계한 혁신적 아이디어의 실천]
저는 시민 평생교육 프로그램 운영을 주제로 한 행정 인턴십에 참여한 적이 있었습니다. 이 프로그램은 지역 시민을 대상으로 지역 특성과 연계한 평생학습 프로그램을 제안하고 논문을 작성하는 프로젝트였습니다. 이전에는 경험해 보지 못한 프로젝트로, 처음에는 진행에 많은 어려움이 있었습니다.
우선, 설문조사를 통해 시민들의 관심사와 직업군을 파악하였습니다. 해당 지역은 평균 연령대가 높았으며 제조업에 종사하는 시민이 많았습니다. 이에 더해 낮은 참여율과 실용적인 교육 프로그램 부족이라는 문제가 있었고, 문제를 해결하기 위해 고민하였습니다. 주 연령층인 노년층의 경우 디지털 앱 사용에 어려움이 많고, 금융사기를 당할 가능성이 높다는 점에 착안하여 ‘상생’을 키워드로 금융 앱 활용법과 보이스피싱 금융사기 예방 교육 및 대처법, 가계부 작성 등 실생활에 적용이 가능한 평생교육 프로그램을 제안하였습니다.
이에 더해 낮은 평생교육 프로그램 참여율을 높이기 위한 홍보 방안이 필요하다는 주사보님의 피드백을 받아 설문조사를 통해 지역 시민이 자주 이용하는 SNS와 사이트를 조사하였고, 지역 SNS 채널과 지역 특산물 축제에서 평생학습 프로그램 체험 부스를 활용하는 홍보방안을 제안하였습니다. 그 결과, 발표 과제를 무사히 마치며 시장님의 긍정적인 평가를 받아 시민 평생교육 프로그램 발전에 기여하는 성과를 얻을 수 있었습니다.
이러한 경험으로 상대방 중심에서 바라보는 것, 주변 환경과 결합하여 생각하는 것은 혁신적 사고의 원천이 되며 지역 사회 가치 창출에 기여할 수 있다는 교훈을 얻었습니다. 이러한 교훈을 적극 활용하여 혁신적 사고와 행동으로 국민은행의 프로금융인이 되어 조직 성장에 이바지하고자 합니다."
SK하이닉스,2025 상반기,IT·개발·전자,기반기술 (Infra Tech),,1. 지원 분야 및 직무 역량과 관련된 프로젝트/공모전/논문/연구/학습/활동/경험 등을 작성해주세요.,"(예시)
[경험] 회로 및 시스템 설계 연구실 학부 연구생 / [소속] OO대학교 OOO 교수, 회로 및 시스템 설계 연구실 / [역할] CMOS 집적회로 설계 및 성능개선 분석
(1). 탄소분말재료연구실 학부연구생/ 전북대학교 권한중 교수, 탄소분말재료 연구실/ 반도체 전자파 차폐를 위한 MAX분말과 MXENE필름 합성 실험 주도
(2). 사회문제 개선과 지역관광지 활성화를 위한 창업아이템 개발/ 하나소셜벤처유니버시티/ [팀장] NFC태그소리신호등을 아이템으로 개발하여 대학교 대표팀 선정 후 기업 최종 발표진행
(3). 분리 세척이 가능한 금속 빨대를 고안함/전북대학교 졸업캡스톤 프로젝트/ 조원들과 함께 프로토 타입 제작 후 패널 전시회 참가
(4). 중고등학교 수학 과외/ 미적분을 다시 배워보고 싶다는 생각에 도전했고, 6개월간 수업을 진행"
SK하이닉스,2025 상반기,IT·개발·전자,기반기술 (Infra Tech),,2. 지원하신 직무 분야의 전문성을 키우기 위해 꾸준히 노력한 경험에 대해 서술해주세요.,"(전문성의 구체적인 영역(ex. 통계 분석) / 전문성을 높이기 위한 학습 과정 / 지식과 기술을 실전에 적용한 경험 / 경험의 진실성을 증명할 수 있는 근거가 잘 드러나도록 기술해주세요.)
[연구는 반복보다, 분석이 먼저다]
학부 연구실에서 반도체 패키지 전자파 차폐를 위한 맥신(MXene) 소재를 합성하던 중, 박막이 두껍고 균일하지 않아 반복된 실패를 겪었습니다. 단순히 조건을 바꿔가며 실험을 반복해서는 해결이 어려웠고, 변수 간 상관관계를 분석이 필요했습니다.
합성 공정의 핵심 변수인 온도, 애칭 시간, pH 등을 정리해 데이터셋을 구성했고, SEM 분석을 통해 변수와 미세구조의 상관관계를 정량적으로 파악했습니다. 그 결과, 특정 조건에서 결정 구조가 안정되며 수율이 기존 대비 30% 개선되었습니다.
이후 선임 연구원의 갑작스러운 퇴사로 단기간에 30개의 시편 데이터를 확보해야 하는 긴박한 상황에서도, 공정과정을 40% 간소화하고, 실험 단계를 나눠 팀원들과 효율적으로 협업하여 기한 내에 마무리할 수 있었습니다. 문제를 마주했을 때 피하지 않고, 분석을 통해 해답을 찾았던 이 경험들은 '데이터 중심 문제 해결 태도'을 연구에서 키우는 계기가 되었습니다.
이러한 경험을 통해, 기반기술 직무에서도, 공정 조건별 데이터를 체계적으로 분석하여 수율과 품질을 모두 개선시킬 수 있는 최적의 방안을 제시하여 기반기술 혁신에 기여하겠습니다"
SK하이닉스,2025 상반기,IT·개발·전자,기반기술 (Infra Tech),,3. 팀워크를 발휘해 사람들을 연결하고 공동 목표 달성에 기여한 경험에 대해 서술해주세요.,"(구체적인 상황 / 사람들과의 관계(ex. 친구, 직장 동료 등) / 협조를 이끌어내기 위한 본인의 행동 / 행동의 결과와 느낀 점이 잘 드러나도록 작성해주세요.)
[서로 다른 관점을 조율하는 것이 팀워크의 핵심입니다.]
대학교 3학년 ‘창업 아이템 개발’ 프로젝트에서 팀장으로 참여해, 신호등 아이템을 개발했습니다. 전공별로 우선시하는 기준이 달라 의견 충돌이 발생했고, 프로젝트가 멈춰설 위기에 놓였습니다.
저는 팀장으로서 각자의 입장을 경청한 후, ‘기술 실현 가능성’이라는 공통 목표를 제안했습니다. 또한, 경찰청과 지자체에 직접 연락해 관련 데이터를 확보하고, 실현 가능성과 정책 수요를 수치화해 아이디어의 타당성을 팀원들에게 설명했습니다. 이를 통해 팀원들의 납득과 참여를 이끌어냈고, 이후 디자인 전공자와 함께 신호등의 형태와 심미성을 고찰하며 팀원 모두가 기여할 수 있는 '협업'을 이끌어갔습니다.
그 결과, ‘NFC 소리 신호등’은 대학교 대표 아이템으로 선정되었고, 기업 발표까지 이어졌습니다.
이 경험을 통해 각자가 전문성을 발휘할 때, 팀 전체의 시너지가 극대화된다는 것을 느꼈으며, 다양한 시각과 역할을 조율해 팀 전체가 집중할 수 있는 구조를 만드는 것이 진짜 팀워크임을 실감했습니다.
SK하이닉스에서도 다양한 부서와 협업하며, 각자의 전문성을 연결해내는 유연한 엔지니어가 되겠습니다."
SK하이닉스,2025 상반기,IT·개발·전자,기반기술 (Infra Tech),,4. 도전적인 목표를 세우고 성취하기 위해 끈질기게 노력한 경험에 대해 서술해주세요.,"(목표와 목표 수립과정 / 수행 과정에서 부딪힌 어려움 / 목표 달성을 위한 구체적인 노력 / 노력의 결과와 느낀 점이 잘 드러나도록 작성해주세요.)
[해보았기에, 돌아올 수 있었습니다.]
전공 대신 화장품 상품 기획이라는 새로운 분야에 도전하며, 마케팅 교육 수강, 인턴 경험, 주말마다 팝업 상권 조사까지 직접 발로 뛰며 배웠습니다. 하지만 점차 화장품에 대한 애정과 실제 업무는 별개라는 걸 깨달았고, 빠르게 변하는 트렌드 속에서 끊임없이 새로움을 요구받는 환경은 저와 맞지 않다는 것을 느꼈습니다.
그제야 저는 제가 더 몰입할 수 있는 일이 무엇인지 돌아보게 되었습니다.
문제를 깊이 있게 파고들고, 데이터와 분석을 바탕으로 개선점을 찾는 과정이 저에겐 훨씬 더 자연스럽고 즐거운 일이었습니다. 나아가, 대학 시절 연구와 실험을 통해 문제를 해결하던 경험이 제게 더 잘 맞는 방향이라는 걸 확신하게 됐습니다.
그래서 저는 지금, 전공을 살려 SK하이닉스 기반기술 직무에 도전하고 있습니다. 이 직무는 반복되는 공정 속 미세한 변수를 분석하고, 수율과 품질 향상을 위한 최적 조건을 끈기 있게 찾아야 하는 분야입니다. 전혀 다른 길을 끝까지 경험해봤기에, 지금의 선택에 더욱 확신을 가질 수 있었습니다.
앞으로 저는 문제를 깊이 고민하고, 끝까지 해결책을 찾아내는 엔지니어로 SK하이닉스에 기여하겠습니다."
SK하이닉스,2025 상반기,IT·개발·전자,기반기술 (Infra Tech),,"5. 지원자님은 어떤 사람인가요? 지원자님을 가장 잘 나타낼 수 있는 해시태그(#)를 포함하여, 남들과는 다른 특별한 가치관, 개성, 강점 등을 자유롭게 표현해주세요. (본 문항은 선택 문항입니다.)","해당 항목은 필수는 아니며, 해시태그는 최대 2개까지 작성해주세요.
#루틴의힘_자투리활용러
저에게 루틴은 단순한 습관이 아니라, 일상에 몰입을 가능하게 하는 원동력입니다.
상품기획 인턴 당시, 왕복 3시간의 출퇴근 시간동안 영어공부를 한 경험이 있습니다. 출근길에는 영어 콘텐츠를 들으며 리스닝에 집중했고, 퇴근길에는 중얼거리며 스피킹을 연습하는 루틴이었습니다.
자투리 시간을 전략적으로 설계해 매일 공부했고, 그 결과 영어 공인시험에서도 단기간 내 목표 점수를 달성할 수 있었습니다. 시간의 흐름에 휘둘리기보다는, 복잡한 환경 속에서도 자신만의 루틴과 몰입 방식으로 성과를 만들어가는 사람입니다.
#주인의식_일의가치를찾습니다
샌드위치 가게에서 아르바이트를 할 당시, 저는 단순히 음식을 만드는 데 그치지 않고, 그 일이 어떤 의미를 가지는지 고민하며 일했습니다. 점심시간 주문이 몰릴 때면 ‘한 사람의 점심을 책임진다’는 마음으로 임했으며, 덕분에 저는 “시키지 않아도 잘 하는 직원”이라는 말을 자주 들었습니다. 무엇이 필요할지 먼저 생각하며 효율적으로 일하는 방법을 고민했고, 아르바이트를 사업을 배울 수 있는 기회라고 생각하며 주도적으로 일했습니다.
저는 어떤 일이든 그 안에서 의미를 찾아야 몰입할 수 있다고 믿습니다."
KB국민은행,2025 상반기,금융·지주,UB 부문,,"1. KB국민은행은 지원자 본인에게 어떤 의미인지 기술하고, 은행원으로서 이루고 싶은 목표와 이를 달성하기 위한 계획을 소개해 주시기 바랍니다.","[금융전문가를 꿈꾸며 선망의 직장 / ‘신용위험 측정·관리 전문가’]
‘금융은 경제와 산업의 혈관 역할을 한다.’라는 고등학교 수업내용에서 한 나라 경제에서 금융의 중요성을 인식하게 되었습니다. 이를 계기로 금융업에 대한 꿈을 가졌고, 금융학과에 진학하여 금융기관의 중추인 은행에서 금융전문가로 성장하겠다는 목표를 세웠습니다.
국민은행은 국민의 경제생활에 가장 친숙한 은행이라는 이미지를 갖고 있었는데, 한국대학신문 ‘대학생 기업이미지 조사’에서 은행 선호도 1위로 꼽힌 기사를 접한 이후부터 금융전문가를 꿈꾸는 저에게 대학생 때부터 선망의 직장이었습니다. 국가고객만족도에서도 은행 분야에서 10년 연속 1위를 차지해온 국민은행은, 세계적 권위의 브랜드 평가기관인 영국 ‘브랜드 파이낸스’가 발표하는 ‘뱅킹 500’에서도 3년 연속 국내 금융기업 브랜드가치 1위에 선정된 최고의 시중은행입니다. “최고의 인재와 담대한 혁신으로 가장 신뢰받는 평생 금융파트너”라는 비전은 임직원의 능력 개발과 고객 만족을 통한 행복을 함께 아우르는 철학을 담고 있는 것으로서, 금융전문가가 되고자 하는 저에게 국민은행은 가장 이상적이고 자긍심을 가질 수 있는 직장이 될 것입니다.
기업금융전문가로 성장하고 싶습니다. 기업은행 인턴을 하며 느낀 바로는, 상대적으로 고객과 일회적 응대가 많은 개인금융보다는 제가 맡은 기업고객의 모든 금융업무를 담당하는 기업금융을 하고 싶었습니다. 잠재성이 있는 기업을 알아보고 자금을 지원하였는데, 그 기업이 더욱 성장할 수 있는 계기가 되었다면 담당자로서 큰 보람을 느낄 것 같았습니다. 그래서 기업금융에 뜻을 두고 그 분야 필수 자격증인 신용분석사를 취득했습니다.
입행 후, 다양한 업종의 기업을 접하며 산업별 특성을 익히고, 여신심사와 관리 역량을 탄탄히 쌓아나가고자 합니다. 주어진 업무에 최선을 다하여 기회가 온다면 여신심사부에서 근무하며 심도 있는 신용분석 경험을 쌓고 싶습니다. 여신심사는 금융기관에서 매우 중요한 '리스크관리'를 위한 핵심적인 직무라고 생각합니다. 신용평가시스템에만 의존하지 않고 숫자 이면의 리스크를 면밀히 살펴봐야하기 때문에 많은 경험과 전문성이 요구됩니다. 그 일을 통해 기업금융 전문성을 키워나가고 싶습니다.
최근 시중은행들이 기업금융에 역량을 집중하며 기업대출의 중요성이 더욱 커진 상황입니다. 국민은행은 기업성장지원부를 신설하여 중소기업 지원서비스를 적시에 제공하고, 차별화된 금리 경쟁력으로 기업대출잔액 1위를 굳건히 지키고 있습니다. 기업 맞춤형 금융솔루션을 통해 금융파트너로 자리잡은 국민은행에서 기업금융 실무경험을 축적하여, 장기적으로 신용·여신 분야의 최고 자격증인 신용위험분석사(CRA)를 취득해 신용위험 측정·관리 전문가로 성장하여 국민은행의 핵심인재로 거듭나겠습니다."
KB국민은행,2025 상반기,금융·지주,UB 부문,,2. 동료 또는 타인과의 관계에서 신뢰를 이끌어 내기 위해 노력했던 경험과 그 결과에 대해 기술해 주시기 바랍니다.,"[신뢰는 기본적인 약속을 지키는 것부터]
이전 회사에서 업무 데드라인을 준수하는 것과, 타 부서 직원들의 문의에 신속하고 정확하게 답변하는 것에 특히 노력을 기울여 신뢰를 얻었습니다.
신입사원이지만 상사들로부터 데드라인을 잘 지킨다는 평가를 받았습니다. 데드라인의 준수는 회사생활에서 가장 기본적이고 당연한 것이지만, 경영기획 업무 특성상 갑자기 경영진 보고가 잡히면 제한된 시간 내에 보고자료를 숫자, 오탈자 하나 없이 정확하게 완성해야 하기 때문에, 신입으로서 결코 쉬운 일이 아니었습니다. 하지만 저는 약속을 잘 지키는 것이 신뢰의 출발점이라고 생각했기 때문에, 스스로 야근이나 1~2시간 일찍 출근하는 것도 마다하지 않고 어떻게든 마감기한을 맞췄습니다. 그 결과, 상사들로부터 ""맡긴 업무를 반드시 기한 내 완수하는 사람""이라는 신뢰를 얻을 수 있었습니다.
전사 직원들로부터 예산 규정, 업무 매뉴얼 등에 대한 다양한 문의가 오면 신속하고 정확한 답변을 제공하는 과정에서도 동료들과 타 부서로부터 신뢰를 얻었습니다. 아무리 바쁜 상황이라도 문의가 오면 지체 없이 응답하는 것을 원칙으로 삼았습니다. 답변이 늦어지거나 부정확할 경우 현업의 업무가 지연될 뿐만 아니라 동일한 작업을 두 번, 세 번 반복하게 만들어 비효율을 초래할 수 있기 때문입니다. 또한, 경영기획팀 전체에 대한 신뢰와 직결된다는 생각으로 책임감을 갖고 대응했습니다. 이를 위해 자주 묻는 질문을 정리해 저만의 매뉴얼을 만들고, 설명이 필요한 경우에는 사례를 들어 이해하기 쉽게 전달했습니다. 이러한 노력 덕분에 동료 피드백 평가에서 “빠르고 정확하며, 세세한 업무 가이드라인을 제공한다”는 긍정적인 평가를 받을 수 있었습니다.
은행원은 특히 신뢰가 생명이라고 생각합니다. 이전 직장에서 신뢰를 얻기 위한 노력의 경험은 국민은행 행원이 되어서도 묻어날 것입니다."
KB국민은행,2025 상반기,금융·지주,UB 부문,,3. 새로운 환경에 직면했을 때 그 상황에 대처하기 위해 본인이 주도했던 경험에 대해 기술해 주시기 바랍니다.,"[적극적인 행동으로 새로운 환경에 빠른 적응]
캐나다 토론토에 교환학생으로 갔을 당시, 낯선 환경의 해외 생활에서 처음에는 막막함을 느꼈지만, 교환학생 생활의 목표를 꼭 달성하기 위해 적극적인 행동으로 빠르게 적응할 수 있었습니다.
처음에는 동양인으로서 위축되고, 수업시간에도 영어가 잘 들리지 않아서 걱정이 많았습니다. 하지만 교환학생 경험을 통해 '영어실력을 늘리고 외국인 친구들을 많이 사귀자'는 목표를 꼭 이루고 싶었습니다. 그 목표를 위해 날마다 꾸준한 노력으로 변화를 만들어 나가기로 결심했습니다.
우선 영어회화 실력을 늘려야겠다는 다짐을 했습니다. 학교에서 제공하는 1대1 회화수업에 빠짐없이 참여하며 그 수업에 가장 자주 오는 학생이 되었고, 매일 저녁 미국 드라마 대사를 따라 말하며 표현을 외우고 연습했습니다. 또한 친구들과 친해지기 위해 학교와 기숙사 행사도 놓치지 않고 참석하며 먼저 인사를 건네고 다가갔습니다. 특별히 한국 문화에 관심이 있던 친구들에게는 코리아타운에서 가이드역할을 해주며 한국 음식과 노래방 문화도 소개해 주었습니다. 이렇게 적극적으로 행동하다보니 영어실력도 늘고 자신감도 생기면서 외국인 친구들을 많이 사귀고 함께 여행을 다니면서 알찬 교환학생 생활을 보낼 수 있었습니다. 새롭고 낯선 환경에서도 주저하지 않고 더욱 적극적으로 행동하여 극복하면서 목표를 이룬 경험을 통해, 변화에 능동적으로 대응하는 자세가 목표를 이루는 지름길이라는 것을 깨달았습니다.
은행 업무 특성상 순환근무가 많아, 새로운 환경에 적응하는 능력이 필수적입니다. 저는 교환학생 생활을 통해 낯선 환경에서도 빠르게 적응하는 법을 체득했으며, 목표를 설정하고 이를 실천하는 태도를 길렀습니다. 이러한 경험을 바탕으로 입행 후에도 변화에 능동적으로 대응하며 성과를 내는 은행원이 되겠습니다."
KB국민은행,2025 상반기,금융·지주,UB 부문,,4. 다른 사람과 함께 과제를 수행할 때 본인이 생각하는 가장 중요한 요소는 무엇이고 그와 관련된 사례를 기술해 주시기 바랍니다.,"[솔선수범, 그리고 배려와 존중으로 완성된 팀 프로젝트]
침체된 팀프로젝트에서 저의 솔선수범이 계기가 되어 팀원들의 태도를 적극적으로 변화시켜 과제를 성공적으로 수행한 경험이 있습니다. 이를 통해 다른 사람과 함께 일을 할 경우에는 누군가의 솔선수범의 자세와 행동이 가장 중요하다는 것을 깨달았습니다.
팀프로젝트 과제로 연극을 만드는 교양 과목이었습니다. 중도 휴학을 한 학생, 우리말이 서툰 유학생, 아버지 회사일을 돕느라 팀장 역할을 제대로 하지 못하는 학생이 있다보니 지리멸렬의 상황이 되어 진행이 원활하게 되지 않았고, 안타까운 마음에 제가 실질적인 팀장으로서 나섰습니다.
먼저 연극 대본 작성을 시작했습니다. 여러 희극 대본을 참고하여 초안을 작성해서 보여주자 미안한 마음이 든 팀원들이 참여의지를 보였습니다. 팀원 간 의견 조율이 어려울 때는 다수결로 신속한 결정을 내렸으며, 소극적인 팀원들은 역할을 제가 조금씩 해준 뒤 남은 부분을 하도록 유도해 참여도를 높였습니다. 유학생 팀원에게는 따로 시간을 내어 대사를 가르쳐주었습니다. 무기력하던 팀프로젝트는 살아났고, 발표날 교수님으로부터 많이 발전한 것을 인정받아 최고 점수를 받았습니다.
솔선수범은 잘못하면 독선으로 비추어지고, 팀원들의 자존심을 상하게 할 경우 협력을 이끌어 낼 수 없습니다. 먼저 팀장에게 설명을 통해 정중하게 양해를 구했고, 배역 설정은 팀원의 의견을 반영하려고 했습니다. 이런 노력은 팀원의 입장을 배려하고 존중해야만 성공할 수 있다고 믿었기 때문입니다."
아모레퍼시픽,2024 상반기,영업·마케팅,콘텐츠마케팅,,1. 본인에 대해 자유롭게 기술해 주십시오,"[아름다움을 사랑하는 프로경험러입니다]
아모레퍼시픽은 업계 선두에 안주하지 않고 민감한 화장품 트렌드에 빠르게 대응하며, 뉴커머스 소셜셀러 A-ditor를 제공함으로써 고객 가치를 확대하고 있습니다. 저는 ‘나’ 자신을 건강하고 아름답게 만들어줄 수 있는 코스메틱의 높은 관심도를 바탕으로 국내외 다양한 뷰티 제품과 브랜드를 접해왔습니다. 소비자에게 건강한 아름다움을 다양한 방식으로 제공할 수 있는 아모레퍼시픽의 A-ditor 프로그램과 콘텐츠를 기획함으로써 함께 성장하고자 지원하게 되었습니다.
[저의 업무 원동력은 성취감입니다]
알랭 드 보통의 <일의 기쁨과 슬픔>에서는 ‘일이 의미 있게 느껴지는 것은 다른 사람의 기쁨을 자아내거나 고통을 줄여줄 때’라고 합니다. 저는 스타트업 콘텐츠팀 인턴과 개인브랜드 운영 경험을 통해 업무를 지속하는 것에 있어서 ‘성취감’이 가장 중요하다는 것을 알게 되었습니다. 브랜드를 운영하며 친환경의 가치를 추구하는 제품을 기획하며 고객으로부터 가치소비를 지속할 수 있었다는 후기를 받았고, 인턴으로 근무하면서는 인스타툰, 카드뉴스 등의 정보성 콘텐츠를 제작하며 일상에서 도움이 되었다는 사용자 후기를 받으며 업무의 원동력인 보람과 성취감을 느낄 수 있었습니다. 1인 브랜드 운영자였던 만큼 트렌드 분석, 소셜 미디어 채널 운영 및 콘텐츠 기획 등 브랜드의 A-Z를 직접 겪었던 경험을 바탕으로, 트렌드와 인사이트를 도출하고 소셜미디어 콘텐츠를 제작하며 소셜셀러 가치를 극대화하겠습니다."
아모레퍼시픽,2024 상반기,영업·마케팅,콘텐츠마케팅,,2. 직무기술서 (주요수행업무 및 수행기간을 중심으로 상세히 기술해 주십시오),"콘텐츠팀 인턴으로 근무하며 신규 사업체의 SNS 콘텐츠를 제작했던 경험이 있습니다. 브랜드 인지도 및 인게이지먼트 향상을 목표로 주 타깃 커뮤니티를 조사하고 인사이트를 도출하여 팀원들과 월별운영안을 작성했습니다. 도출한 데이터를 바탕으로 정보성 카드뉴스 및 인스타공감툰 등의 SNS 콘텐츠를 제작했습니다.
인턴십 종료 후에는 직접 촬영한 사진을 기반으로 하는 브랜드 론칭에 도전했습니다. 온/오프라인 시장조사 결과 65개의 문구 브랜드 중 51곳이 모든 상품에 OPP 비닐 포장재를 사용하고 있다는 점과, 카페 및 커뮤니티 후기를 통해 사용자들이 비닐 포장에 불편함을 느낀다는 점을 알게 되었습니다. 그리하여 평소에도 관심이 많았던 제로웨이스트를 브랜드 가치관으로 정립하여 기존 문구 브랜드와는 다른 차별점을 두었습니다. 또한, 자사 몰과 입점처 매출내역을 기반으로 상권/시즌별 및 키워드/시간대별 유입 데이터 등을 분석하여 총 78개의 제품 제작과 이벤트를 기획함으로써 전년 대비 210% 매출을 신장할 수 있었습니다. 이러한 데이터 분석 기반 기획력을 바탕으로 인사이트를 도출하고 가치를 극대화할 수 있는 프로그램을 기획하겠습니다."
신한은행,2026 상반기,금융·지주,금융 일반,,1. 이번 신한은행 인턴십이 본인에게 어떤 성장의 기회나 의미 있는 경험이 될지 자유롭게 이야기해 주세요. (최대 700자 입력가능) (700자),"[‘현장 감각’과 ‘조직 융화력’을 겸비한 실무형 인재로 도약하고 싶습니다.]
신한은행 인턴십은 교실에서 배운 금융 지식들을 현장에서 확인하고, 실무 역량으로 구체화하는 성장의 계기가 될 것입니다.
교내 경제경영 토론학회에서 활동하며 거시적 금융 담론에 대해 치열하게 토론했습니다. ‘한국은행 금 추가 비축’ 찬반 토론을 주도하며 금의 바젤3 티어1 자산 편입을 주장하며 만장일치 MVP로 선정되었습니다. 또한 ‘RW(위험가중치) 조정’ 토론을 통해 생산적 금융의 필요성을 역설하며 금융 정책이 실물 경제에 끼치는 영향을 조사했습니다. 하지만 이론적인 지식이 실제 현장에서 어떻게 적용되고, 고객들에게 어떤 가치로 연결되는지에 대해 아쉬움이 남았습니다.
이번 인턴십을 통해 두 가지 성장을 이루고 싶습니다. 첫째, ‘창조적 금융’ 시대와 환경 변화에 맞는 금융 상품과 서비스를 발굴하고 싶습니다. 현장에서 고객님들과 직접 만나며 실제 금융 니즈를 파악하고, 이를 데이터 기반의 아이디어로 연결하는 현장 감각을 익히겠습니다. 둘째, 팀원들과의 협력을 통해 최적의 솔루션을 도출하는 조직 융화력을 배우겠습니다. 현업 선배님들의 노하우를 빠르게 흡수하고, 팀원들과 유기적으로 협력하여 조직의 목표 달성에 기여하는 팀워크를 기르겠습니다.
‘금융으로 세상을 이롭게 하는’ 신한은행의 목표 달성에 힘을 보태고, 함께 성장하며 보람을 느끼고 싶습니다."
신한은행,2026 상반기,금융·지주,금융 일반,,"2. 지원분야와 관련하여 본인에게 가장 의미 있었던 경험 2~3가지를 소개해 주세요. 각 사례의 목표, 주요 내용, 기간, 본인의 역할, 사용한 기술·지식·도구, 과정에서 겪은 문제와 해결 방법, 성과와 배운 점, 그리고 목표 달성을 위해 본인이 기여한 부분을 중심으로 구체적으로 작성해 주세요. (최대 1,500자 입력가능) (1500자)","[과외 선생님으로 활동하며 고객 중심의 소통 능력을 갖췄습니다.]
학부 입학 후 10여 명이 넘는 학생들을 가르치며 영어 과외 선생님으로 일했습니다. 단순지식 전달이 아닌, 학생들의 어려움에 공감하고 가장 적합한 맞춤형 해결책을 제시했습니다. 예를 들어, ‘관계대명사’ 개념을 어려워하는 학생에게 단순 반복 설명하는 대신, 문장 성분을 분석하는 새로운 접근법을 제시하여 이해도를 향상시켰습니다. 이러한 경험을 통해 상대방의 입장에서 생각하는 ‘고객 중심의 소통법’의 체득했습니다.
뿐만 아니라, 엑셀을 활용해 학생들의 성적 추이와 취약점 등을 분석하고, 맞춤형 자료를 제작해 학업 성과를 관리했습니다. 이를 통해 데이터를 기반으로 문제를 진단하고 맞춤형 해결책을 제시하는 역량을 체득했습니다. 이는 다양한 금융 소비자의 니즈를 정확히 파악하여 최적의 금융 서비스를 제공하는 고객 중심적 업무 수행의 밑거름이 될 것입니다.
[전자책 출판팀을 이끌며 협업 능력과 추진력을 길렀습니다.]
영어 과외를 하면서 시중 교재들이 수험생에게 어렵게 서술된 것에 문제의식을 느꼈습니다. 이를 개선하기 위해 학교 커뮤니티를 통해 생각이 비슷한 팀원을 모았습니다.
저는 팀장으로서 팀 목표 설정과 팀원의 역할을 분배했습니다. 먼저 수험생의 어려움을 정확히 이해하기 위해 오픈 채팅방을 개설하여 수험생의 니즈를 파악했습니다. 수집된 데이터를 바탕으로 영문법 전자책을 5부작으로 구성해 판매하는 최종 목표를 설정했습니다.
계획 실행 단계에서 각자의 강점을 고려해 업무를 분담했습니다. 저는 기획을 총괄하는 역할을 맡았습니다. 하지만 역할을 나누다 보니 통일성이 떨어지는 문제점이 있었습니다. 저는 이를 해결하기 위해 원고 전체를 검토하며 공통 가이드라인을 만들고, 팀원 간 교차 검증 방식을 도입해 팀의 성과에 기여했습니다. 팀을 이끌며 배운 협업능력과 추진력을 바탕으로 팀에 융화되는 인턴사원으로 회사의 성장에 기여하고 싶습니다.
[저작권 조각투자 상품을 접하며 기술과 금융의 발전을 공부했습니다.]
영문법 전자책이 누적 판매량 1000부를 돌파하고, 평점 9.9/10의 뛰어난 성과를 달성하며 저작권조각투자 상장 계약을 체결하였습니다. 낯설었던 조각투자 개념을 접하며 기술 발전이 가져온 금융 상품의 디지털화와 접근성 향상을 직접 체감했습니다. 이를 계기로 교내 가치투자 동아리에서 조각투자와 STO(토큰증권) 법제화 보고서를 작성했습니다. 증권과의 차이점 및 해외 입법례를 분석하며, 새로운 금융에 대한 인사이트를 넓혔습니다. 또한 ‘비은행권 원화 스테이블코인 발행’에 대한 찬반 토론을 진행하며 디지털 금융의 시급성과 중요성을 깊이 인식하게 되었습니다.
과외 활동에서 시작된 작은 문제의식이 전자책 출판, 조각투자상품 상장과 디지털 금융에 대한 탐구로 이어졌습니다. 저는 이처럼 하나의 경험을 새로운 분야로 확장하며 끊임없이 탐구하는 호기심과 실행력을 갖추었습니다. ‘따뜻한 가슴을 지닌 창의적인 열정가’로서 현실에 안주하지 않고, 끝없이 배우고 도전하며 성장하는 인턴의 모습을 보여드리겠습니다."
신한은행,2026 상반기,금융·지주,금융 일반,,"3. 본인의 삶에서 가장 중요하게 생각하는 '가치관'은 무엇이며, 그 생각을 갖게 된 계기나 배경에 대해 작성해 주세요. (예 : 직접 겪은 경험, 영향을 준 인물, 인상 깊게 본 책·영상, 평소 자주 생각해 온 주제 등) (최대 700자 입력가능) (700자)","[통념에 도전하고, 새로움을 제시하는 사람]
삶에서 가장 중요하게 생각하는 가치관은 ‘당연함’을 의심하고, 새로운 것에 도전하는 ‘도전 정신’입니다. 스티브 잡스, 오타니 쇼헤이 등의 인물처럼 모두가 불가능하다고 생각한 미지의 영역에 도전하여 새로운 기준을 만들어 낸 인물들을 동경해 왔습니다. 저도 금융 분야에 대한 남다른 열정을 바탕으로 ‘다르게’ 생각하고, ‘창의적인 안목’을 기르기 위해 노력해 왔습니다.
평소 우리의 통념에 의문을 제기하고, 새로운 깨달음을 주는 책을 즐겨 읽어왔습니다. 얼마 전 ‘지구를 위한다는 착각’이라는 책을 인상 깊게 읽었습니다. 책에서는 우리가 환경에 좋다고 믿어왔던 통념들이 데이터에 기반하지 않았거나, 실제로는 경제적이지 않을 수 있음을 설명합니다. 아무리 굳건한 지식도 끊임없이 데이터를 통해 검증하고, 더 나은 것이 있다면 과감한 변화를 시도할 수 있어야 진정한 발전으로 나아갈 수 있음을 깨달았습니다.
이러한 제 생각은 금융 혁신 분야에도 정확히 이어집니다. 최근 신한은행이 땡겨요에 스테이블코인 결제 실증 사업에 착수했다는 뉴스를 접하면서, 현재의 성공에 안주하지 않고 끊임없이 발전하는 모습에 깊은 인상을 받았습니다. 전통 금융의 한계에 도전하고 기술 발전을 통해 새로운 패러다임을 열어가는 지금, ‘당연함’을 답습하기보다 ‘창의적인 열정가’의 자세로 기업 성장에 기여하는 인턴 사원이 되고 싶습니다."
SK하이닉스,2025 하반기,IT·개발·전자,R&D 공정,,1. 지원하신 직무 분야의 전문성을 키우기 위해 꾸준히 노력한 경험에 대해 서술해주세요.,"전문성의 구체적인 영역(ex. 통계 분석) / 전문성을 높이기 위한 학습 과정 / 지식과 기술을 실전에 적용한 경험 / 경험의 진실성을 증명할 수 있는 근거가 잘 드러나도록 기술해주세요.
(600자)
반도체 공정이 미세화되면서 재료의 표면과 계면 제어가 중요하다는 점에 주목하여 관련 전문성을 키우기 위해 노력해왔습니다.
기초적인 재료 물성과 반도체 공정 이론뿐만 아니라, 나노 구조의 표면 효과, 표면 분석 장비의 원리를 심화 수업을 통해 학습하며 이론적 기반을 다졌습니다. 이후 금속 촉매를 웨이퍼에 증착하는 과정에서 SiO₂와의 접착 문제가 발생했을 때, 공정 효율성과 재료 특성을 종합적으로 고려해 adhesion layer 증착법을 선택하고, XX을 1~5nm로 증착하여 소자를 제작했습니다.
실험을 통해 4nm 조건에서 접착력과 전기적 반응 속도가 가장 우수하다는 결과를 도출했고, 이를 통해 계면 제어와 공정 최적화 능력을 실제로 검증할 수 있었습니다.
앞으로도 공정 변수에 대한 체계적인 접근과 실험 기반의 분석 역량을 바탕으로 전문성을 더욱 심화해 나가겠습니다."
SK하이닉스,2025 하반기,IT·개발·전자,R&D 공정,,2. 팀워크를 발휘해 사람들을 연결하고 공동 목표 달성에 기여한 경험에 대해 서술해주세요.,"구체적인 상황 / 사람들과의 관계(ex. 친구, 직장 동료 등) / 협조를 이끌어내기 위한 본인의 행동 / 행동의 결과와 느낀 점이 잘 드러나도록 작성해주세요.
(600자)
연구실 과제 수행 중 실험 효율을 높이는 데 기여한 경험이 있습니다. 고온 안정성 평가 실험에서 팀원 간 역할이 모호해 실험 조건이 중복되고 일정이 지연되는 문제가 발생했습니다.
저는 실험 항목을 정리해 중복 여부를 확인하고, 실험 조건별 책임 분담 체계를 제안해 팀 내 협의를 이끌었습니다. 또한 온라인 시트를 활용해 결과를 실시간 공유하며 변수에 따른 결과 차이를 함께 분석할 수 있도록 했습니다. 그 결과 실험은 계획보다 1주일 앞서 마무리되었고, 우수상을 받으며 좋은 결과를 확보할 수 있었습니다.
이 경험을 통해 공정 이슈 발생 시 팀 간 커뮤니케이션과 프로세스 조율을 통해 문제를 해결하고 품질을 확보하는 협업의 중요성을 몸소 깨달았습니다. 입사 후에도 다양한 공정 데이터를 기반으로 팀 간 연결고리를 만들어가며 수율 개선에 기여하겠습니다."
SK하이닉스,2025 하반기,IT·개발·전자,R&D 공정,,3. 도전적인 목표를 세우고 성취하기 위해 끈질기게 노력한 경험에 대해 서술해 주세요.,"목표와 목표 수립과정 / 수행 과정에서 부딪힌 어려움 / 목표 달성을 위한 구체적인 노력 / 노력의 결과와 느낀 점이 잘 드러나도록 작성해주세요.
(600자)
학부연구생 당시, 기존 HMDS 처리 공정의 대체 기술을 개발하는 과제를 맡으며 ‘신규 공정을 현장 수준까지 구현하겠다’는 목표를 세웠습니다.
목표를 설정한 이유는 미세 패턴의 식각 성능을 유지하면서도 환경성과 비용 효율을 동시에 달성하는 것이었습니다. 하지만 소수성 유지가 불안정하거나 특정 Layer만 선택적으로 반응하지 않는 등의 문제가 반복되며 시행착오가 많았습니다.
저는 공정 변수 하나하나를 분리해 실험 조건을 세분화하고, 기존 데이터와 비교해가며 원인을 좁혀나갔습니다. 동시에 개발팀·고객사와 지속적으로 소통하며 기술적 요구사항을 반영했습니다. 그 결과 소자 손상 없이 원하는 식각 특성을 확보한 공정 조건을 도출했고, 실현 가능성을 인정받아 기술 검토가 최종 승인되었습니다.
이 경험은 공정기술 엔지니어로서 도전적인 목표를 끝까지 책임지고 완수한 경험이자, 실무 적용 가능성까지 입증한 경험이었습니다."
SK하이닉스,2025 하반기,IT·개발·전자,R&D 공정,,"4. 지원자님은 어떤 사람인가요? 지원자님을 가장 잘 나타낼 수 있는 해시태그(#)를 포함하여, 남들과는 다른 특별한 가치관, 개성, 강점 등을 자유롭게 표현해주세요. (본 문항은 선택 문항입니다.)","해당 항목은 필수는 아니며, 해시태그는 최대 2개까지 작성해주세요.
#아이언맨
쉽지 않은 상황에서도 쉽게 흔들리지 않고, 오히려 더 단단해지려는 성격입니다. 예상치 못한 변수나 반복된 실패 앞에서도 차분히 원인을 찾고 개선점을 고민하는 태도로 문제를 해결해왔습니다. SK하이닉스에 입사하게 된다면 끈기 있게 공정 이슈에 대응하며 꾸준히 성장하는 엔지니어가 되겠습니다.
#인간비타민
연구실에서는 항상 밝은 분위기를 만드는 역할을 맡아왔습니다. 선후배 간의 소통을 자연스럽게 이끌고, 팀워크가 필요한 상황에서도 중심을 잡으며 분위기를 유연하게 만들어왔습니다. 긍정적인 에너지를 바탕으로 동료들과 잘 협력하는 구성원이 되겠습니다.
🔥SK하이닉스 스크랩 TOP 자소서 함께 확인하세요!
https://linkareer.com/cover-letter/34630"
LG생활건강,2025 하반기,영업·마케팅,화장품 브랜드마케팅,,"1. 지원동기 LG생활건강에 지원한 동기와 본인을 가장 잘 소개할 수 있는 키워드 1가지를 정하고, 해당 키워드를 바탕으로 본인을 소개해주세요. (지원동기 및 키워드를 바탕으로 본인을 소개해주세요.) (1000자)","저를 잘 표현하는 키워드는 “실행 중심의 기획력”입니다. LG생활건강은 제품 중심의 고객가치 혁신을 강조하며, 글로벌 사업 재구조화를 핵심 전략으로 하고 있습니다. 이를 위해서는 고객 중심의 사고에 기반한 기획력과 실행력이 중요하다고 생각합니다. 5개월간 스타트업의 마케터로 일하면서 웰니스와 복지 분야의 전문가로 인식되도록 브랜딩한 경험이 있습니다. 네이버 블로그 조회수 증가율은 130%가 넘었고, 인블로그 전체 방문자 수는 약 20배 이상 증가하는 성과를 만들었습니다. 우선 주 5회 웰니스와 복지 관련 아티클을 꾸준히 발행하면서 고객의 반응이 오는 콘텐츠에 집중하자는 목표를 설정했습니다. 채널이 성장하면서 글로벌 기업의 복지 시리즈의 반응이 좋았고, 구글 복지 콘텐츠 조회수가 1,000회를 넘어가는 성과를 이루었습니다. 그리고 매달 데이터 분석을 통해 고객들이 검색하는 키워드, 유입경로, 그리고 재방문율을 분석했습니다. 그 결과, 기업복지와 조직문화 카테고리가 높은 관심을 받는다는 것을 파악했습니다. 두 가지 카테고리에 집중하여 주 7회 이상 발행하고, 글로벌 복지 시리즈는 링크드인 아티클을 정기적으로 발행하는 체계적 시스템을 도입해 브랜드 인지도와 고객 유입을 동시에 강화했습니다. CTR을 높이기 위해 디자인팀과 협업하여 하단에 클릭하면 자사 홈페이지로 유입되는 배너를 설계했습니다. 그러나 회사의 자체 데이터를 수집하기에는 기존의 채널로는 한계가 있었습니다. 그래서 인블로그를 통해 자사 자체 블로그를 개설해 데이터 기반 접근을 통해 고객 유입 경로를 명확히 파악하고 콘텐츠를 최적화할 수 있었습니다.
결국 고객들이 시간을 내서 자사의 콘텐츠를 읽고 우리 회사의 서비스를 사용해야 할 이유에 대해 고민하고 집중하는 시간이었습니다. 고객 데이터와 피드백을 바탕으로 콘텐츠를 개선하고 브랜드 인지도를 높인 경험을 바탕으로 LG생활건강의 글로벌 시장 재구조화와 고객 가치 혁신 전략에 기여하며, 지속 가능한 성장과 브랜드 경쟁력 강화에 이바지하겠습니다."
LG생활건강,2025 하반기,영업·마케팅,화장품 브랜드마케팅,,"2. 직무 관련 경험 및 역량 지원 직무에서의 중요 요소 3가지를 정하고, 해당 요소에서의 직무상 본인의 강점에 대해 경험과 사례 중심으로 기술해주세요. (대외활동, 아르바이트 경험, 공모전 참여 경험, 전공 프로젝트, 인턴십 경험 등 지원 분야와 관련된 경험 위주로 설명해주세요.) (1000자)","화장품 브랜드마케팅 직무에서는 기획력, 실행력, 그리고 협업 능력이 중요합니다. 화장품 산업은 빠른 트렌드 변화와 경쟁 속에서 신속하고 전략적인 대응이 필요합니다. 아이디어를 효과적으로 설계하는 기획력, 한정된 시간 안에 실행해 기회를 잡는 실행력, 그리고 다양한 부서와의 원활한 협업 능력이 필수적입니다. 대학교 2학년 때 소자본 창업 활동을 진행한 적이 있었습니다. 매출 총 이익률 43% 달성과 함께 9개 팀 중에서 3등을 달성한 이 활동을 통해 고객의 관점에서 제품을 기획하고 제품 제작과 판매의 프로세스를 배웠습니다. 구글 트렌드로 6개월에서 1년치 검색어를 분석하며 인기 트렌드를 분석했습니다. 다이어리 꾸미기와 유기동물을 조합하여 데일리 굿즈로 다이어리 꾸미기에도 활용될 수 있는 유기견, 유기묘 스티커와 마스킹테이프를 제작하자는 아이디어를 냈습니다. 제작 단계에서는 어떻게 만들면 고객의 입장에서 사용하기에 더 편리할지 고민했습니다. 스티커에 칼선을 넣어서 제작하면 붙이고 떼는 것이 훨씬 편하고, 다이어리 꾸미기와 같은 세밀한 작업에 유리하다고 판단했습니다. 제품 제작을 마치고 팀원들과 함께 홍보 컨텐츠를 기획하고 제작했습니다. 촬영 장소를 알아보고 촬영 구도 설정 등을 논의하며 제품 상세컷 촬영을 하고 홍보 콘텐츠를 제작했습니다. 이후 인스타그램으로 <아지와 냥>이라는 채널을 만들어 제품 홍보 콘텐츠를 관리하고 유기동물에 관한 사회적 책임 메시지를 전달했습니다.
디자이너를 섭외하고 제작부터 판매, 홍보까지 3개월 내에 완수해야 했습니다. 그 과정에서 홍보팀, 소통팀, 그리고 배송팀 등 다양한 부서와 소통해야 할 일이 많았습니다. 이 과정에서 협업을 통해 다양한 부서와 공통된 브랜드 가치를 공유하고, 그것에 대한 깊은 이해를 바탕으로 고객에게 브랜드 메시지를 명확하게 전달하는 것이 중요하다는 것을 깨달았습니다. 이러한 깨달음을 바탕으로 빠르게 변화하는 글로벌 시장 환경에서 LG생활건강의 브랜드 인지도와 경쟁력을 강화하는 데 힘쓰겠습니다."
LG생활건강,2025 하반기,영업·마케팅,화장품 브랜드마케팅,,"3. 산업이해도 가장 좋아하는 소비재 제품은 무엇이며, 그 제품의 장점, 단점을 1가지씩 분석하고, 그 제품이 더 발전하기 위해 반드시 해야할 것 1가지를 기술해주세요. (화장품/생활용품/을묘 등 FMCG 산업에서 가장 좋아하는 제품을 선정하고, 해당 제품을 본인만의 관점에서 자유롭게 분석해주세요.) (1000자)","제가 가장 좋아하는 소비재 제품은 제로웨이스트 고체 비누입니다. ‘비누’라고 하면 대체로 손을 씻는 제품이라는 인식이 강하지만, 앞으로는 비누가 세안과 머리를 감는 용도로도 사용되었으면 좋겠습니다. 파리에서 교환학생을 하는 동안에 수제 비누 가게에서 쇼핑한 경험이 있습니다. 비누는 그저 손을 씻는 제품이라는 인식이 완전히 바뀌었던 순간이었습니다. 비누의 색상이 최소 10가지 이상으로 다양했고, 색상별로 아름답게 진열되어 있었습니다. 그리고 틴케이스 형식으로 파리를 모티브로 한 다양한 디자인의 비누 케이스가 구비되어 있었습니다. 처음으로 비누가 고급스러운 디자인과 품질로 선물용 화장품 라인처럼 자리 잡을 수 있겠다는 생각이 들었습니다. 이러한 경험은 비누도 스킨케어 제품과 동일한 수준으로 상품 가치를 높이고, 다양한 고객 니즈에 맞춰 차별화된 라인업을 구축할 수 있음을 깨닫게 해주었습니다. 이후 한국에 있는 수제 비누 가게에서 멀티 클렌징바를 구입해 3개월 이상 사용하고 있습니다. 비누 하나로 세안과 샤워까지 할 수 있어서 짐이 줄어들고 삶이 심플해진다는 생각이 들었습니다. 그러나 여전히 비누를 화장품으로 잘 인식하지 않는 이유는 상대적으로 기능성에 대한 차별화가 부족하기 때문이라고 생각합니다. 미백, 모공케어, 피부 장벽 강화 그리고 여드름 케어 등 구체적 피부 고민을 해결하는 기능성 제품이 부족하고, 여전히 마트에서 저렴하게 사는 정도의 이미지가 여전히 강합니다. 그래서 하나의 비누로 다양하게 사용할 수 있다는 간편함과 친환경적인 가치를 유지하면서, 핵심 기능별로 비누를 제작할 필요가 있습니다. 패키지와 비누 케이스도 고급스럽게 제작해 프리미엄 제로웨이스트 라인으로 포지셔닝한다면 차별화된 비누의 이미지를 만들 수 있을 것입니다. 새로운 라인으로 시장을 지속해서 선도하는 기업이 될 수 있도록 기여하겠습니다.
🔥LG전자 합격 자소서 함께 확인하세요!
https://linkareer.com/cover-letter/35989"
SK하이닉스,2025 하반기,IT·개발·전자,청주_양산기술,,1. 질문 : 지원하신 직무 분야의 전문성을 키우기 위해 꾸준히 노력한 경험에 대해 서술해주세요.,"저의 핵심 전문성은 복잡한 신호 속에서 불량의 원인이 되는 노이즈를 찾아내는 ‘데이터 기반의 신호 분석 역량’입니다. 학부 과정에서 아날로그 회로 설계 프로젝트를 수행하며, 이론값과 실제 측정값 사이의 오차를 줄이는 데 집중했습니다. 당시 증폭 회로에서 원인을 알 수 없는 주파수 왜곡 현상이 발생했는데, 대부분의 팀원은 이를 단순한 소자 오차로 치부했습니다.
하지만 저는 미세한 신호 왜곡이 반도체 공정에서는 수율 저하로 직결된다고 판단하여 파고들었습니다. MATLAB과 PSpice를 활용해 회로의 기생 성분(Parasitic)을 역추적하는 시뮬레이션을 독자적으로 설계했습니다. 수차례의 반복 검증 끝에, 전원부의 임피던스 매칭 불량이 특정 대역폭에서 공진을 일으킨다는 사실을 규명해냈습니다. 이를 바탕으로 바이패스 커패시터의 용량을 재산정하여 신호 무결성을 확보할 수 있었습니다.
이러한 경험은 반도체 양산 데이터에서 유의미한 시그널을 포착하는 능력과 직결됩니다. SK하이닉스의 수많은 공정 변수 속에서 수율을 저해하는 미세한 노이즈를 찾아내고, 이를 기술적으로 해결하는 엔지니어가 되겠습니다."
SK하이닉스,2025 하반기,IT·개발·전자,청주_양산기술,,2. 팀워크를 발휘해 사람들을 연결하고 공동 목표 달성에 기여한 경험에 대해 서술해주세요.,"‘자율주행 물류 로봇’ 제작 프로젝트 당시, 기구 설계 팀원과 제어 팀원 사이의 기술적 간극을 좁혀 목표를 달성한 경험이 있습니다. 저는 제어 알고리즘을 담당했고, 타 전공 팀원은 로봇의 외관 프레임을 담당했습니다.
문제는 로봇의 적재 하중 테스트에서 발생했습니다. 기구 팀은 내구성을 위해 두꺼운 프레임을 고집했고, 제어 팀은 늘어난 무게 때문에 모터의 토크가 부족해 정밀 제어가 불가능하다고 맞섰습니다. 서로의 기술적 한계만을 주장하며 프로젝트가 중단될 위기에 처했습니다. 저는 이를 해결하기 위해 감정적 대립이 아닌 ‘데이터 기반의 합의점’을 제안했습니다.
저는 모터 부하량에 따른 배터리 소모율과 제어 오차 데이터를 시각화하여 공유했습니다. 동시에 기구 팀의 설계 도면을 함께 검토하며, 강성이 필요 없는 부분의 경량화를 제안했습니다. 객관적인 수치를 확인한 기구 팀원은 불필요한 프레임을 덜어냈고, 저 역시 제어 로직을 최적화하여 가속 구간의 부하를 줄였습니다. 그 결과 로봇은 내구성과 제어 성능을 모두 만족하며 구동에 성공했습니다. 이 경험을 통해 협업의 본질은 상대의 기술을 이해하고 최적의 교집합을 찾아가는 과정임을 배웠습니다."
SK하이닉스,2025 하반기,IT·개발·전자,청주_양산기술,,3. 도전적인 목표를 세우고 성취하기 위해 끈질기게 노력한 경험에 대해 서술해 주세요.,"교내 데이터 분석 경진대회에서 ‘공장 전력 소비량 예측’이라는 주제에 도전하여, 초기 모델의 실패를 딛고 상위 10%의 성과를 달성한 경험이 있습니다.
주어진 데이터는 수만 건의 시계열 데이터였고, 저희 팀은 초반에 성능이 좋다는 고도화된 딥러닝 모델(LSTM)을 적용했습니다. 하지만 모델이 너무 무거워 학습 시간이 오래 걸렸고, 과적합(Overfitting) 문제로 인해 실제 테스트 데이터에서의 예측률은 60%대에 머물렀습니다. 종료가 얼마 남지 않은 시점에서 저는 ""복잡한 모델이 정답은 아니다""라고 판단했습니다.
저는 팀원들을 설득해 모델링을 멈추고, 데이터 전처리 단계로 돌아가는 강수를 두었습니다. 3일 밤낮으로 데이터의 패턴을 시각화하여 분석한 끝에, 특정 장비의 가동 스케줄과 외부 온도가 전력 소비의 핵심 변수라는 점을 발견했습니다. 이 변수들을 결합한 새로운 파생 변수(Feature)를 생성하여 가벼운 머신러닝 모델에 적용하자, 예측 정확도가 90% 이상으로 급상승했습니다. 화려한 알고리즘보다 본질적인 데이터 분석이 문제 해결의 열쇠임을 깨달았습니다. 이러한 집요함으로 SK하이닉스의 공정 난제를 해결하겠습니다."
SK하이닉스,2025 하반기,IT·개발·전자,청주_양산기술,,"4. 지원자님은 어떤 사람인가요? 지원자님을 가장 잘 나타낼 수 있는 해시태그(#)를 포함하여, 남들과는 다른 특별한 가치관, 개성, 강점 등을 자유롭게 표현해주세요.","#편의점_재고관리사
가장 사소한 변화를 감지하는 것이 효율의 시작입니다. 편의점 아르바이트 당시, 저는 단순히 물건을 채우는 것을 넘어 시간대별, 날씨별 판매 데이터를 머릿속으로 기록했습니다. 비가 오는 날에는 막걸리와 전 종류의 발주를 늘리고, 인근 학원의 시험 기간에는 에너지 드링크의 재고를 평소보다 2배 확보했습니다. 점주님께서는 ""시키는 일만 하는 알바생은 많았지만, 매장의 흐름을 읽고 발주를 제안하는 경우는 처음""이라며 놀라워하셨습니다. 덕분에 폐기율은 줄이고 매출은 늘리는 성과를 냈습니다.
이러한 저의 관찰력과 주도성은 양산기술 직무에서 큰 강점이 될 것입니다. 반도체 팹(Fab)은 거대한 편의점과 같습니다. 수천 개의 장비와 웨이퍼가 흐르는 공정 속에서, 남들이 무심코 지나치는 작은 파라미터 변화나 설비 알람의 빈도를 놓치지 않겠습니다. 현장의 사소한 데이터 하나도 허투루 보지 않고, 수율 향상의 단서로 삼는 ‘깨어있는 엔지니어’가 되겠습니다."
신한은행,2026 상반기,금융·지주,일반직,,"1. 다른 지원자와 차별화되는 본인만의 강점을 한가지 선택하여, 이를 신한은행에서 어떻게 발휘할 수 있을지 작성해 주세요.","[한 번의 결과보다, 다음 선택]
저의 강점은 실패를 한 번의 좌절로 끝내지 않고, 다음 도전의 발판으로 바꾸는 회복탄력성입니다. 저는 목표를 이루지 못했을 때도 그 결과 자체에 머무르기보다, 무엇이 부족했는지 돌아보고 다시 방향을 세우는 편입니다. 그래서 저에게 도전은 한 번의 시도로 끝나는 일이 아니라, 시행착오를 거치며 더 적합한 길을 찾아가는 과정입니다.
이러한 강점은 KICPA 준비 과정에서 가장 분명하게 드러났습니다. 약 3년간 회계, 재무, 세법을 공부하며 많은 시간과 노력을 들였지만, 결국 원하는 결과를 얻지는 못했습니다. 그러나 이 과정은 실패로만 남지 않았습니다. 회계 기준과 재무제표 구조를 깊이 있게 이해했고, 손익계산서와 재무상태표, 현금흐름표를 연결해 기업의 상태를 해석하는 훈련을 할 수 있었습니다. 저는 여기서 멈추지 않고, 이 경험을 금융권에서 활용할 수 있는 방향으로 다시 정리했습니다. 그 결과 신용분석사를 취득하며 기업의 재무 상태와 상환 능력, 유동성 구조를 분석하는 역량을 더 실무적으로 다졌고, 금융권에 다시 도전할 수 있는 기반을 마련했습니다.
이러한 회복탄력성은 신한은행에서도 꾸준한 성장의 기반이 될 수 있습니다. 은행 업무는 한 번의 판단으로 끝나는 일이 아니라, 다양한 고객과 상황을 마주하며 기준을 계속 다듬어 가는 과정입니다. 저 역시 시행착오 속에서도 쉽게 멈추지 않고, 부족한 부분을 빠르게 보완하며 다음 판단의 정확도를 높여 왔습니다. 신한은행에서도 낯선 업무와 어려운 과제 앞에서 끝까지 기준을 세우고 해법을 찾는 사람으로 성장하겠습니다."
신한은행,2026 상반기,금융·지주,일반직,,"2. 본인이 중요하게 생각하는 가치관이 타인과 충돌했던 경험은 무엇이며, 이를 어떻게 해결했는지 작성해 주세요.","[결과보다 과정의 타당성]
제가 중요하게 여기는 가치관은 결과가 아니라, 그 결과에 이르는 과정의 타당성과 공정성입니다. 좋은 결론처럼 보이더라도 근거가 불충분하거나 해석이 편향되어 있다면 그 판단은 오래가기 어렵다고 봅니다. 그래서 저는 더 나은 결론을 위해서라도 먼저 가정과 근거를 엄밀하게 검토해야 한다는 기준을 지켜왔습니다.
이 가치관은 HYFE 금융공학회 활동에서 팀원과 뚜렷하게 충돌한 적이 있습니다. 중소기업 밸류에이션 보고서를 작성하던 당시, 한 팀원은 보고서의 매력도를 높이기 위해 매출 성장과 이익 개선 같은 재무제표상 실적을 중심으로 긍정적인 전망을 제시하자고 했습니다. 반면 저는 실적 수치만으로 기업을 좋게 평가하는 것은 위험하다고 봤습니다. 결과를 먼저 정해두고 근거를 맞추기보다, 보수적인 가정을 두고 기업의 실질을 끝까지 확인해야 한다는 입장이었습니다.
그래서 저는 손익계산서상의 개선보다 매출채권 회전기간과 재고자산 회전기간이 동시에 늘어나고 있다는 점에 집중했습니다. 이를 통해 회계상 이익이 개선되고 있더라도 운전자본 부담이 확대되면 실제 현금흐름은 악화될 수 있고, 경우에 따라 흑자도산 위험까지 이어질 수 있다는 점을 설명했습니다. 저는 이 흐름을 재무제표와 지표 변화로 정리해 팀원들에게 제시했고, 결국 팀도 표면적인 실적보다 유동성과 자금 흐름까지 반영한 방향으로 분석을 수정했습니다. 그 결과 보고서는 실적과 실질을 구분해 기업을 해석했다는 평가를 받았습니다. 이 경험을 통해 저는 공정한 판단은 낙관적인 결론이 아니라, 철저한 검증에서 나온다는 기준을 더 분명히 갖게 됐습니다."
신한은행,2026 상반기,금융·지주,일반직,,3. 최근 사회 이슈 중 중요하다고 생각되는 한 가지를 선택하고 해당 이슈가 은행업에 어떤 영향을 끼칠 것으로 예상되는지 본인의 생각을 작성해 주세요.,"[같은 자금, 다른 성장]
최근 은행권의 경쟁력은 얼마나 많은 상품을 보유했는지가 아니라, 기업의 자금 수요를 얼마나 정교하게 해석하고 그 자금을 성장으로 연결할 수 있는가에서 갈리고 있습니다. 실제로 금융당국은 은행권에 부동산 중심 영업에서 벗어나 생산적 자금 공급 확대를 주문하고 있고, 2026년 들어 신한은행도 생산적 금융 확대를 핵심 방향으로 제시하며 기업 고객 맞춤형 금융 솔루션과 여신심사 고도화에 힘을 싣고 있습니다. 이는 은행의 역할이 자금 공급 자체보다 자금의 방향과 효과를 함께 설계하는 쪽으로 옮겨가고 있음을 보여줍니다.
이러한 변화의 배경에는 기업 고객의 자금 수요가 이전보다 훨씬 복합적으로 바뀌고 있다는 점이 있습니다. 환율, 원자재 가격, 공급망 재편 같은 변수들이 기업 경영에 동시에 영향을 주면서, 같은 기업이라도 어떤 시기에는 운전자금이 더 절실하고, 또 어떤 시기에는 시설투자나 연구개발 자금이 더 중요해집니다. 또한 산업 전환이 빨라지면서 현재 실적은 안정적이지만 성장성이 둔화되는 기업이 있는 반면, 당장의 수익성은 부족하더라도 기술력과 시장성을 바탕으로 미래 경쟁력을 보여주는 기업도 늘고 있습니다. 이제 기업금융은 자금을 공급하는 데 그치는 일이 아니라, 그 자금이 어떤 목적에 쓰이고 어떤 성과로 이어질지를 함께 판단하는 영역이 됐습니다. 이런 점에서 생산적 금융은 정책금융기관만의 과제가 아니라, 시중은행이 기업금융 현장에서 구현해야 할 기준입니다.
저는 신한은행이 이러한 흐름 속에서 더 강점을 발휘할 수 있는 은행이라고 봅니다. 신한은행은 올해 데이터센터·신재생에너지 등 실물투자와 연결되는 분야에서 금융자문, 주선, 투자 연계 방식의 지원을 확대하며 금융당국의 방향에 호응하고 있습니다. 이는 생산적 금융이 선언에 그치지 않고 실제 기업금융 현장에서 실행되고 있다는 의미입니다. 저 역시 기업의 재무 상태와 사업 구조를 함께 이해하며, 필요한 자금이 성장의 기반이 되도록 연결하는 역할을 수행하고 싶습니다."
신한은행,2026 상반기,금융·지주,일반직,,4. 은행 입행 10년 혹은 20년 후 본인의 모습을 상상해보고 어떤 분야의 전문가로 성장하고 싶은지 기술해 주세요.,"[기업의 현재가 아니라 성장의 흐름을 읽는 사람]
20년 후 저는 재무지표 해석에 머무르지 않고, 기업의 사업 구조와 자금 흐름, 산업 환경까지 함께 판단할 수 있는 기업금융 전문가로 성장하고자 합니다. 제가 지향하는 모습은 여신 실행 자체를 목표로 삼는 인력이 아니라, 기업별 자금 수요의 배경과 상환 재원을 정확히 파악하고 그에 맞는 금융 해법을 제시하는 인력입니다. 업종과 투자 단계, 현금창출 방식이 다른 기업을 획일적인 기준으로 판단해서는 적절한 금융 지원이 어렵기 때문입니다.
이러한 목표는 기업을 보는 기준에서 출발했습니다. 같은 재무지표라도 어떤 산업에 속해 있는지, 어떤 투자 국면에 놓여 있는지에 따라 의미는 달라집니다. 설비투자를 확대하는 제조기업의 현금 유출은 미래 생산능력 확충을 위한 선제적 지출일 수 있지만, 매출 증가와 함께 매출채권 및 재고가 동반 확대되는 경우에는 회계상 실적과 별개로 유동성 부담이 커질 수 있습니다. 결국 기업금융은 재무제표 수치를 확인하는 업무가 아니라, 그 수치가 어떤 영업 흐름과 자금 순환 속에서 형성되었는지를 해석하는 업무라고 봅니다. 저 역시 기업을 평가할 때 실적의 크기보다 자금 흐름의 안정성, 투자 지출의 성격, 상환 재원의 지속 가능성을 함께 보겠습니다.
입행 초기에는 재무제표를 바탕으로 상환 능력과 운전자금 흐름을 정확히 읽는 역량을 갖추겠습니다. 이후에는 산업별 특성과 투자 사이클, 수익구조의 차이를 학습하며 기업별 자금 수요에 맞는 금융조건을 제안할 수 있는 수준으로 역량을 높이겠습니다. 10년 후에는 재무 분석과 산업 이해를 바탕으로 기업의 현재 위험과 미래 가능성을 함께 판단하는 실무형 전문가로 자리매김하겠습니다.
20년 후에는 산업 변화와 시장 환경까지 반영해 고객별 성장 단계에 맞는 금융 솔루션을 제시하는 기업금융 전문가로 성장하고자 합니다. 기업의 현재를 평가하는 데 그치지 않고, 자금이 실제 성장과 성과로 이어지도록 금융의 방향을 제시하겠습니다."
네이버웹툰,2025 상반기,경영지원,HR,,1. 본인 소개 및 지원동기를 적어주세요.,"[즐거움에 진심인 제가 콘텐츠에 끌리는 이유]
즐거움은 제가 하루를 시작하는 가장 큰 원동력입니다. 그리고 단순히 저만 즐거운 것이 아니라, 다른 사람도 함께 즐거워할 수 있다는 점에서 ‘사람’을 다루는 HR 직무에 자연스럽게 관심이 생겼습니다.
대학생 시절, 학과 행사 TF로 활동하며 학과 홍보용 콘텐츠 프로그램을 기획한 적이 있었습니다. 정형화된 안내 방식에서 벗어나고 싶어서, 요즘 유행하던 밈을 활용한 참여형 활동을 제안했습니다. 건물 곳곳에 공감 밈 퀴즈나 짧은 테스트를 붙여두고, QR코드를 통해 학생들의 실시간 반응을 수집했는데, 예상보다 많은 학생들이 웃으며 참여해주었습니다. 그중 “학과에 이런 재밌는 사람이 있는 줄 몰랐다”는 피드백은 지금도 기억에 남습니다. 이 경험을 통해 즐거움을 매개로 사람들에게 긍정적인 영향을 줄 수 있다는 사실을 더 확실하게 느꼈고, 그걸 체계적으로 실현할 수 있는 일이 HR이라고 생각하게 되었습니다.
즐거움이라는 감정은 일상에서도 제게 큰 영향을 줍니다. 출퇴근길에 보는 웹툰, 시험 끝나고 누워서 듣는 음악, 밤에 혼자 정주행하는 드라마처럼 콘텐츠는 늘 저에게 위로이자 재미였습니다. 스피릿핑거스는 ‘있는 그대로의 나’를 받아들일 수 있게 도와줬고, 치즈 인 더 트랩은 학창시절을 함께한 느낌이 들었으며, 청춘블라썸은 고3 시절 숨막히던 저를 울게 만들었습니다. 이처럼 하나의 스토리가 사람의 감정을 움직이고 일상까지 바꿀 수 있다는 점에서, 콘텐츠 산업이 가진 힘을 직접 느껴왔습니다.
그래서 저는 즐거움을 중심 가치로 두고 살아가는 사람으로서, 콘텐츠 산업에서도 그 즐거움을 더 많은 사람에게 전하고 싶다는 생각을 하게 되었습니다. 특히 네이버웹툰처럼 스토리로 감정과 기억을 전하는 기업이라면, 그 안에서 제가 만들 수 있는 즐거움의 가능성도 함께 확장될 수 있을 것 같다는 확신이 들었습니다."
네이버웹툰,2025 상반기,경영지원,HR,,"2. 대학생활 경험 중, 본 직무에 도움이 될 것이라고 생각하는 경험이 있다면 구체적으로 적어주세요.","[예상 밖 상황 / 빠른 실행 / 현장 대처]
예상하지 못한 상황에 빠르게 대응하고, 기존 방식이 안 될 때 대안을 찾아야 하는 상황도 있었습니다. 인턴 중 한 번은 해외영업 인재 채용을 위해 채용설명회를 열려고 했는데, 방학이라 대학 측에서 다 거절해서 행사를 할 수 없게 된 적이 있었습니다.
그때 저는 그냥 포기하지 않고, 대학을 찾는 게 아니라 학생이 회사를 방문하게 하자는 생각으로 컴퍼니투어 형식을 제안했습니다. 처음 해보는 거라 준비할 것도 많았고, 시간도 부족했지만, 포스터 만들고 학교 인재개발센터에 연락해서 참가자 모집하고, 행사 자료도 직접 정리하면서 진행했습니다. 며칠밖에 시간이 없었는데, 실제로 학생이 참여했고, 그중 몇 명은 추천 채용으로 연계되기도 했습니다. 그때 ‘진짜 안 되면 다른 방법을 찾으면 된다’는 걸 많이 느꼈습니다.
[콘텐츠 / 영상제작 / 도전과 기획]
영상 동아리 활동도 저한테는 중요한 경험 중 하나입니다. 처음에는 짧은 영상들만 만들었는데, 점점 조회수가 줄고 있다는 이야기를 듣고, 저는 그냥 한 편짜리보다는 웹드라마처럼 이어지는 형식이 더 좋지 않을까 하는 생각이 들었습니다.
그래서 전체 기획안이랑 대본을 몇 편 먼저 써서 보여줬고, 멤버들을 설득하는 데 시간을 꽤 썼습니다. 결국 함께 하기로 결정됐고, 제작에 들어갔습니다. 영상은 완성됐고, 결과적으로는 예전보다 훨씬 높은 조회수를 기록했습니다. 학교 홍보팀에서도 연락이 와서 외부 협업으로 이어지기도 했고요.
이 경험은 단순히 콘텐츠를 잘 만들었다는 것보다, 새로운 아이디어를 꺼내고 그걸 실제로 해본 게 저한테 의미가 있었습니다. 처음엔 망설이던 사람들도 결국엔 함께했고, 좋은 결과가 나왔다는 게 기억에 남습니다."
네이버웹툰,2025 상반기,경영지원,HR,,3. 네이버웹툰에 입사 후 진행해보고 싶은 구성원 참여 프로그램 또는 교육 프로그램과 그 이유를 적어주세요.,"빠르게 성장하는 조직일수록 다양한 배경을 가진 인재들이 유입됩니다. 특히 네이버웹툰처럼 콘텐츠 산업의 확장을 이끌고 있는 조직에서는 신입사원뿐 아니라 경력 입사자 역시 꾸준히 합류하고 있습니다. 이런 변화 속에서 중요한 것은, 새로운 구성원들이 '하루라도 빨리, 자연스럽게' 조직 안으로 스며들 수 있도록 돕는 온보딩입니다."
네이버웹툰,2025 상반기,경영지원,HR,,1. 신입사원 온보딩,"[하루 만에 친해지는 웹툰 유니버스]
신입사원은 기업 문화에 처음으로 발을 들이는 단계이기에, 복잡한 설명보다는 몸으로 부딪히며 배우고, 관계를 형성할 수 있는 구조가 필요하다고 생각합니다. 그래서 저는 신입사원이 직접 웹툰 유니버스를 탐험하며 회사를 알아가는 “하루 만에 친해지는 웹툰 유니버스”라는 온보딩을 제안합니다.
이 프로그램은 네이버웹툰의 대표 IP(지식재산)를 활용해 온보딩 과정을 웹툰식 모험으로 구성합니다. 가상의 세계관 속에서 신입사원이 ‘조직 문화를 구하라!’는 미션을 받고 팀을 이루어 미션을 해결합니다. 예를 들어 ‘감정선 파악하기’에서는 사내 커뮤니케이션 가이드를 문제로 풀고, ‘엔딩은 팀워크다’ 미션에서는 실제 선배와의 협업으로 가벼운 팀 과제를 수행합니다.
진행 후에는 각자 ‘오늘의 컷’을 고르고, 짧은 나레이션(소감)을 남기는 리뷰 형식을 통해, 인사팀은 신입사원의 적응도를 관찰하고 심리적 안착감도 도울 수 있습니다. 딱딱한 전달식보다, 참여자가 ‘이해했다’고 느끼게 하는 구조가 핵심입니다."
네이버웹툰,2025 상반기,경영지원,HR,,2. 경력사원 온보딩,"[나만의 씬, 팀의 서사]
경력사원에게 필요한 것은 회사의 ‘정보’가 아니라, 내가 이 팀에서 어떤 역할을 할 수 있을지에 대한 감각입니다. 이미 역량을 갖춘 만큼, 빠르게 팀에 스며들 수 있도록 ‘라포 형성’과 ‘경험 공유’ 중심의 온보딩이 적합하다고 판단했습니다.
“나만의 씬, 팀의 서사”는 각 경력사원이 자신이 생각하는 업무 스타일이나 경험을 ‘씬(scene)’으로 소개하는 것으로 시작합니다. 이를 바탕으로 각 팀은 ‘우리 팀의 서사’를 구성하는 미니 워크숍을 진행하며, 새로운 팀원과 기존 구성원이 서로의 맥락을 이해할 수 있는 장을 마련합니다.
이후 각 팀이 만든 서사를 모아 공유회를 진행하고, 잘 정리된 사례는 다음 온보딩의 ‘시즌 2 시나리오’로 활용되며 조직 내 온보딩 문화가 누적됩니다."
네이버웹툰,2025 상반기,경영지원,HR,,"4. 다른 사람과 커뮤니케이션하는 과정에서 어려움이나 갈등을 겪었던 경험과, 이를 어떻게 해결했는지 적어주세요.","[창의적 해결과 협업으로 완성한 교육 봉사 프로그램]
코로나 시기에 저는 동기 6명과 함께 전공과 연계된 교육 봉사 프로그램에 참여하게 되었습니다. 그런데 막상 시작하려고 하자마자 문제가 생겼습니다. 교육 봉사를 하려면 대상이 있어야 하는데, 코로나로 대면이 불가능했고 비대면은 이미 진행 중인 프로그램이 많아 거절당하는 일이 반복되었습니다. 그래서 처음 생각했던 방식은 어렵겠다고 판단하게 되었고, 저희는 새로운 방향이 필요하다고 생각했습니다.
그래서 바로 팀원들과 회의를 했고, 그 자리에서 학습 키트를 만들어서 보내는 방식으로 바꾸자는 의견이 나왔고, 다들 그 방향으로 하기로 했습니다. 그런데 키트를 만든다고 해서 쉬운 건 아니었습니다. 각 나라 문화를 주제로 해서 자료도 많이 찾고 구성물도 직접 만들고 해야 했고, 코로나라 모이기도 어렵고 회의도 자유롭게 못 하는 상황이라 쉽지 않았습니다.
저는 코로나 시기지만 의미 있는 활동을 해보고 싶어서 먼저 팀원들을 모았기 때문에, 이 프로젝트를 잘 이끌어야겠다는 생각이 들었습니다. 그래서 회의 시간을 맞추기 위해 화상통화랑 캘린더를 계속 활용하면서 일정 관리를 했고, 가능한 시간마다 짧게라도 회의를 진행하려고 노력했습니다. 그리고 노션에다가 각자 맡은 일과 진도를 계속 업데이트하면서, 서로가 어느 정도까지 했는지를 확인할 수 있도록 했습니다. 일정이 밀릴 것 같은 팀원이 있으면 먼저 도와주기도 하면서, 결국은 역할 분담대로 잘 진행할 수 있었습니다.
그렇게 열심히 해서, 6개국 문화를 담은 학습 키트를 다 만들었고, 한 지역아동센터에 6주 동안 전달하는 데 성공했습니다. 아이들이 키트를 재미있게 사용하고 있다는 사진도 받았고, 그걸 보면서 저희가 했던 일이 의미 있었구나 하고 느낄 수 있었습니다.
이 경험을 통해 협업이란 게 각자 맡은 일을 하는 것만이 아니라, 서로를 이해하고 맞춰가야 한다는 걸 알게 되었고, 계획대로 되지 않을 때 새로운 방법을 찾아야 한다는 점도 배웠습니다. 앞으로도 이런 경험을 토대로 더 좋은 교육 프로그램을 만들고, 구성원의 성장을 돕는 일을 해보고 싶습니다.
🔥네이버웹툰 HR 직무 자소서 함께 확인
https://linkareer.com/cover-letter/34843"
신한은행,2023 하반기,금융·지주,개인/기업금융,,1. 본인 '주요 성장과정' 및 다른 지원자 대비 본인만의 '차별화된 강점'과 '보완해야 할 약점'에 대해 사례를 들어 구체적으로 기술해 주세요. (1000자),"[빠짐없는 메모로 신속한 업무 적응]
제 장점은 처음 하는 일에도 겁먹지 않고 적극적으로 대하는 태도입니다. 스무 살, 처음 아르바이트할 때 사장님께 처음 일해보는 것 같지 않다는 칭찬을 들었고, 학원 상담실에서 근무할 때는 직원제의를 받기도 했습니다.
적극적인 행동은 업무에 빠르게 적응할 수 있는 동력 중 하나입니다. 아무런 준비 없이 업무를 시작하는 것이 아니라 저만의 노하우를 쌓았습니다. 선임의 행동양식을 면밀히 관찰하고 업무에 관한 모든 말을 메모하여 실제로 실행해 보는 것입니다. 제 몸으로 체화하기 위해 퇴근 후에도 머릿속으로 일의 순서를 외워보고 따라 하며 제 것으로 만들기 위해 노력합니다. 그 결과 항상 다른 직원보다 빠르게 업무를 습득하여 도와주기도 하고, 바로 현장으로 투입될 수 있었습니다. 따라서 제 장점으로 신한은행에 입행해서 수많은 고객과 소통하는데 적극적으로 다가갈 수 있음을 자신합니다.
[긴장감으로 인한 전달력 약화 극복하기]
제 단점은 발표할 때 긴장을 많이 해서 목소리가 떨리고 표정이 굳어 전달력이 떨어진다는 점입니다. 이러한 모습 때문에 발표 수업에서 교수님께 지적을 받고 저조한 성적을 받은 적이 있습니다. 이 평가를 받기 전까지는 무섭다는 이유 하나만으로 회피했습니다. 하지만, 직접적으로 피드백을 받고 바뀌지 않는다면 사회에서 어떤 일도 제대로 고치지 못할 것이라 생각했습니다.
극복하기 위해 발표수업 위주로 신청하고 최대한 많은 발표 환경에 스스로를 던졌습니다. 화상회의 어플을 이용하여 친구들 앞에서 발표 예행연습을 하며 즉각적인 피드백을 받았습니다. 또 표정이 굳는 문제는 아침마다 거울을 보며 미소 지으며 말하는 연습을 하고 있습니다. 입행 후에도 멈추지 않고 계속해서 단점을 극복하기 위해 노력하며 더욱 전달력을 향상할 수 있도록 보완하겠습니다."
신한은행,2023 하반기,금융·지주,개인/기업금융,,2. 포기하지 않고 끈기 있게 노력하여 목표를 달성했던 사례 또는 탁월한 성과/성취를 달성한 사례에 대해 구체적으로 기술해 주세요. (1000자),"[메뉴판 재배치와 ""사장 pick""문구 삽입으로 치즈 폐기율 80% 감소]
치킨 프랜차이즈에서 아르바이트할 때 재고 관리 리스크를 줄이고 매출을 상승을 위해 노력한 경험이 있습니다. 당시 사장님은 유통기한이 2주로 짧고, 소진되는 양이 적어 치즈의 50%는 버리게 되는 상황이었습니다. 본사에서 들어오는 치즈의 종류를 바꿀 수 없었기 때문에 치즈의 사용량을 늘리는 방법을 고안해야 하는 어려움이 있었습니다. 긍정적인 것은 고객이 계산할 때 짧은 인터뷰를 진행하여, 주고객층인 10대 학생들의 치즈에 대한 선호도를 확인할 수 있었습니다. 또한, 인근 경쟁 치킨업체와 배달 애플리케이션 속 랭킹이 높은 업체를 분석한 결과 주력으로 미는 상품은 메뉴판 상단에 위치시키고, 추천이나 'best'표시를 이용하여 고객의 눈을 끈다는 것을 알 수 있었습니다.
문제를 해결하기 위해, 조사한 내용들을 벤치마킹하여 적용하기로 했습니다. 먼저 치킨 종류가 많아 눈에 띄지 않던 ""칠리치즈치킨""을 맨 앞으로 배치하였고, ""사장 pick!""이라는 문구를 삽입하여 눈길을 끌 수 있는 포인트를 만들었습니다. 또한, 직원 식사로 제공되는 치킨을 이용하여 시식용 상품을 만들고, 고객에게 제공하여 직접 시식을 부탁하고 맛이 어떠한지 평가를 부탁했습니다. 그 과정에서 학생들이 치즈의 양이 더 많았으면 좋겠다는 요청에 따라 닭이 안보일정도로 치즈를 빼곡하게 뿌려 판매했습니다. 해당 메뉴에 대한 입소문이 퍼져 학생들 사이에서 인기메뉴가 되었습니다. 그 결과 칠리치즈치킨의 판매량이 200% 증가하였고, 치즈의 소비량도 자연스레 늘어 유통기한 전에 소비할 수 있었고 치즈 폐기율도 80% 감소하여 재고리스크를 줄일 수 있었습니다.
이 경험을 통해 거창한 아이디어가 아니더라도 주변의 현장과 고객의 목소리를 통해 들은 내용을 적용하고 실천한다면 해결하지 못할 문제는 없다는 것을 배웠습니다."
신한은행,2023 하반기,금융·지주,개인/기업금융,,"3. 유연한 사고로 남다르게 시도하여 의미있는 성공을 거두거나 실패했던 경험을 작성하고, 그 경험을 통해 배우고 느낀 점을 기술해 주세요. (1000자)","[미숙한 중국어 사용으로 소통효율성 향상, 우수 과제 선정]
수업 중 중국인 유학생 학우와 팀프로젝트를 한 경험이 있습니다. 저는 모든 팀원의 자료를 취합하여 학습지를 만드는 역할이었고, 학우는 자료 조사를 맡았습니다. 하지만 보내준 자료는 질적 측면에서 부족했습니다. 당시 시험기간으로 다른 팀원도 바쁘고, 제출시점까지 남은 기한이 촉박했습니다. 혼자 마무리하는 것이 효율적이지만, 팀과제이기에 함께 하는 것이 의미가 있다는 생각과 이후 유학우가 다른 수업에서는 잘했으면 하는 마음으로 같이 프로젝트를 완성하기로 목표를 잡았습니다.
먼저 중국인 유학생과 팀프로젝트 경험이 있는 친구들에게 어떻게 과제를 진행했는지 묻고 호감을 끌어낼 수 있는 방식을 고민했습니다. 영어로 소통할 때보다, 중국어를 조금이라도 하려 하면 좋아했다는 조언을 받아들여 중국어 기본 회화 애플리케이션을 이용해 기초 중국어를 학습했습니다. 미숙한 중국어와 번역기를 사용하여 소통의 효율성을 높였습니다. 프로젝트 수행을 위해 어떻게 자료조사를 해야 하는지, 공신력 있는 문서와 사이트는 어떤 곳인지 공유했습니다. 이후 가능한 시간마다 함께 아이디어를 주고받으며 2일 안에 자료 수집 후 학습지까지 완성했습니다. 그 결과, 교수님께 학습지를 잘 만들어 다른 수업에서 예시로 보여주겠다는 칭찬을 받았고 A+학점도 받을 수 있었습니다.
결과적으로 팀이란 서로 부족한 점을 채워주며 시너지가 발생한다는 것을 배웠습니다. 언어·문화적으로 차이가 있어 선입견을 갖기도 했었지만, 대화해 보니 제대로 된 방법을 몰라서 그런 것임을 알았습니다. 열린 마음을 갖고 상대의 입장에서 한 번 더 생각해 보고 행동하는 것이 중요하다는 것을 깨달았습니다."
신한은행,2023 하반기,금융·지주,개인/기업금융,,"4. 은행권, 특히 신한은행에 ‘지원한 동기’를 구체적으로 작성하고 신한은행 내 다양한 직무 중 본인이 전문가로 ‘성장해 나가고 싶은 분야’에 대해 기술해 주세요. (1000자)","[신한은행에서 꿈꾸는 NEW기업금융의 패러다임]
기업고객의 처음부터 끝까지 함께하며 종합솔루션을 제공하는 기업금융 전문가를 목표로 하고 있습니다. 그리고 이 목표를 실현할 수 있는 곳이 신한은행입니다. 신한은행은 기업금융 전담역인 RM을 PRM마케팅부로 운영하며 기업금융의 중요성을 알고, 신규거래 섭외와 기존거래 관리담당을 나누어 업무의 효율성을 높였습니다. 또한 ‘RM 원 팀 파일럿 테스트’를 진행하며 기업금융에 대한 적극성을 갖고 있기에 다양한 기회를 가질 수 있다고 생각했습니다. 이런 신한은행이라면 고객과 모든 순간을 함께하는 든든한 금융 파트너인 기업금융 전문가로 성장할 수 있다고 생각합니다.
신한은행에 입행하여 기업금융센터에서 커리어를 시작하고 싶습니다. 법인, 개인사업자, SOHO 등 다양한 기업고객을 담당하며 기업금융의 기초를 다지고 싶습니다. 금융공공기관에서 인턴 하며 법인고객에게 도움을 주고 회생을 지원할 수 있었습니다. 하지만, 여신업무와 같은 직접적인 금융지원을 할 수 없었기에 고객의 어려움에 깊게 다가갈 수 없었습니다. 그렇기 때문에 신한은행의 기업금융전문가가 되어 기업고객의 힘든 순간에 신용평가부터 대출업무, 컨설팅 등 모든 과정을 함께 하는 '종합솔루션맨'이 되고 싶습니다.
인턴 할 때 기업 재무제표와 현금흐름표를 학습하며 재무적 관점을 키우고 기업 심사방법을 배웠습니다. 둘째, 본질적인 이해를 바탕으로 한 대화를 통해 소통능력을 쌓았습니다. 금융에 있어서 손님의 니즈를 정확하게 아는 것이 표면적인 공감보다 고객 만족도를 높일 수 있기 때문입니다. 인턴 활동하며 손님과 대화할 때 두 번 일하지 않도록, 빠르지 않은 속도로 대화하며 진솔한 대화를 이끌 수 있었습니다. 그리고 그 속에서 손님의 잠재적 니즈를 파악하고 적절한 해결책을 제시할 수 있었습니다.
이제 신한은행에서 기업 고객의 비즈니스 생애주기를 관리하며 성공적인 비즈니스, 재도약을 지원하는 기업금융 전문가로 기여하고 싶습니다."
SK하이닉스,2025 하반기,IT·개발·전자,양산기술,,1. 지원하신 직무 분야의 전문성을 키우기 위해 꾸준히 노력한 경험에 대해 서술해주세요.(600자),"반도체 기술을 꾸준히 공부하며 데이터를 분석해 실제 공정을 개선하는 역량을 키워왔습니다. 반도체 복수전공으로 이론 과목부터
장비 실습까지 총 38학점을 이수했고, 방학에는 파이썬 교육을 수료하고 ADsP, 6시그마를 학습했습니다.
대학교 3학년, 학부 연구생으로 10개월간 활동하며 습득한 지식을 실험에 적용했습니다. 2차원 반도체의 대면적 증착을 연구했는데
, CVD 방식을 이용하면 coverage와 배향 균일도가 낮아 소자에 적용하기 힘들었습니다. 저는 증착시킨 결정의 광학현미경 이미
지를 파이썬으로 자동 처리해 수백 건의 결정 데이터를 수치화했고, ADsP 과정에서 배운 회귀분석으로 변수 간 상관계수를 도출해
온도, 압력, 유량이 결과에 미치는 영향을 정량적으로 평가했습니다. 이어 분산분석으로 조건 간 평균 차이가 통계적으로 유의미한
지도 검증했습니다.
분석 결과를 토대로 6시그마의 실험계획법을 적용한 결과, coverage는 약 25%에서 40%, 특정 방향으로 정렬된 결정 비율은 4
0%에서 60%로 높아지는 공정 조건을 찾아낼 수 있었습니다. 양산 기술 엔지니어가 되어서도 꾸준히 반도체 공정과 데이터 분석
공부를 이어가며 품질과 수율 향상에 기여하겠습니다."
SK하이닉스,2025 하반기,IT·개발·전자,양산기술,,2. 질문 : 팀워크를 발휘해 사람들을 연결하고 공동 목표 달성에 기여한 경험에 대해 서술해주세요.(600자),"반도체 문제 해결연구 수업에서 전공이 다른 학생들과 하나의 시스템을 설계한 경험이 있습니다. 기계과는 warpage 분석을, 재료
과는 EMC 소재 개선을, 화공과는 극저온 식각의 전달 현상을 제어하고 싶어 했습니다. 각자 자기 주제를 강조하며 타 전공 분야는
지식이 없다며 주제를 못 정했습니다.
저는 제안된 주제가 열 및 구조 해석, 열 전도성 소재 개선, 열 및 물질 전달 제어라는 핵심을 파악했고, 각 전공의 강점과 약점을 구
분해 표로 정리해 공유했습니다. 그러나 이 표만으로는 갈등을 풀 수 없었고, 세 분야를 아우르는 주제가 필요했습니다. 그래서 저는
‘반도체 열 방출 최적화 설계'를 제안했습니다. 재료과가 고발열 반도체 소자와 유로를 접착하는 소재를, 화공과가 유체와 유로를 최
적화하면 기계과가 이를 받아 시스템 전체의 열 해석을 통해 온도 분포를 검증하는 구조였고 모두가 수긍하여 프로젝트를 성공적으
로 마무리할 수 있었습니다.
의견이 달라도 배경을 이해해 보려 노력하는 것이 의견 차이를 좁힐 수 있다고 생각했습니다. 또한 필요한 부분은 반영하고 불필요
한 부분은 내려놓는 과정에서, 서로의 차이가 오히려 보완되어 더 나은 결과로 이어질 수 있음을 배웠습니다."
SK하이닉스,2025 하반기,IT·개발·전자,양산기술,,3. 도전적인 목표를 세우고 성취하기 위해 끈질기게 노력한 경험에 대해 서술해 주세요.(600자),"화학공학 종합설계 프로젝트에서 게 껍데기에서 얻은 고분자로 전열 교환기의 종이 막을 대체할 박막을 제작했습니다. 저비용으로
폐기물을 자원화한다는 점에서 도전적이었고, 저는 전열 막 제조를 맡았습니다.
초기에는 여러 논문을 참고하여 만들어봤으나, 막이 쉽게 찢어져 전열 막으로 사용하기 힘들었습니다. 두 달간 주요 실험 조건인 용
액 농도와 동결–해동 횟수를 바꿔도 실패했고, 팀원들은 목표를 낮춰 참고 값으로 가능성만 제시하자고 했습니다. 그러나 제 역할을
다하지 못해 프로젝트 전체가 수포가 된다는 생각에 물러서지 않고 끝까지 해결책을 찾고자 했습니다. 2주 동안 매일 6시간씩 투자
하여 실패 데이터를 분석했고, 고분자의 낮은 용해도가 문제임을 파악해 냉동 온도를 낮춰 고분자 간 결합을 효과적으로 끊고 해동
속도를 늦추어 견고한 고분자 배열이 형성되도록 했습니다.
그 결과 종이 막과 비슷한 강도의 전열 막을 얻었으며, 수분 투과율은 32%, 열전달 효율은 15% 개선되어, 프로젝트는 은상을 수상
할 수 있었습니다. 실패했을 때 원인을 파악하고 해결책을 찾는 자세가 중요하다는 것을 배웠습니다. 앞으로도 같은 태도로 맡은 역
할을 끝까지 완수할 자신감을 가지게 되었습니다."
SK하이닉스,2025 하반기,IT·개발·전자,양산기술,,"4. 지원자님은 어떤 사람인가요? 지원자님을 가장 잘 나타낼 수 있는 해시태그(#)를 포함하여, 남들과는 다른 특별한 가치관, 개성, 강점 등을 자유롭게 표현해주세요. (본 문항은 선택 문항입니다.)(600자)","#가성비 맨
저는 무엇을 하든 가성비를 먼저 따지는 성격입니다. 치킨이 너무 비싸 대형마트 마감 세일 시간을 기다리고, 외식할 때는 무한리필
음식점을 선호합니다. 대학 생활 내내 자취를 하지 않고 기숙사에 머무르며 불필요한 지출을 줄였던 것도 같은 이유입니다. 제게 가
성비란 단순히 돈을 아낀다는 의미가 아니라, 주어진 조건 안에서 최대한 알차게 쓰는 생활 방식이자 가치관입니다. 이런 습관 덕분
에 일상에서도 늘 “이 상황에서 가장 효율적인 선택은 무엇일까?”를 먼저 생각하는 편입니다.
#호기심 탐험가
저는 사소한 것에도 질문을 던지고 답을 찾고 싶어 하는 사람입니다. 냄새와 맛처럼 일상적인 감각이 어떻게 만들어지고 느껴지는지
궁금하고, 이 세상은 도대체 무엇인지, 죽음 이후에는 무엇이 있을지와 같은 철학적인 주제에도 호기심이 많습니다. 이러한 주제에
대한 사람들의 생각도 궁금하여 직접 이야기를 나누며 생각을 공유하는 과정 또한 즐깁니다. 사람들은 가끔 제게 엉뚱하다고도 말하
지만, 저는 이런 호기심 덕분에 일상에서 매일 새로운 시각과 즐거움을 발견할 수 있다고 생각합니다. 그래서 호기심은 저를 늘 새로
운 경험과 배움으로 이끄는 가장 큰 원천입니다.
🔥 SK하이닉스 스크랩 TOP 합격 자소서 함께 확인하세요!
https://linkareer.com/cover-letter/34630"
SK하이닉스,2026 상반기,IT·개발·전자,양산기술(P&T),,1. 지원하신 직무 분야의 전문성을 키우기 위해 꾸준히 노력한 경험에 대해 서술해주세요.,"전문성의 구체적인 영역(ex. 통계 분석) / 전문성을 높이기 위한 학습 과정 / 지식과 기술을 실전에 적용한 경험 / 경험의 진실성을 증명할 수 있는 근거가 잘 드러나도록 기술해주세요.(600자 이내)
[데이터 분석 역량]
학부연구로 약 15개월 동안 측정된 실내 이산화탄소 농도 데이터와 공간 운영 및 기상 조건 정보를 활용하여, PINN과 RNN 기반의 모델링 기법을 통해 일반적인 조건에서 미세먼지와 실내 이산화탄소 농도를 예측하는 방법을 학습했습니다. 이렇게 배웠던 지식을 적용하기 위해 창문·문 개폐 상태에 따른 CO₂ 발생량을 고려한 미분방정식 기반 모델을 설계하고 Differential Evolution을 활용해 파라미터를 추정하는 방식으로 접근했습니다. 이 과정에서 수집 데이터 중 창문과 문의 개폐 여부를 주요 변수로 설정하여 네 가지 조건으로 구분하고 각 경우에 대한 환기율을 추정했으며, scipy의 differential evolution과 odeint를 활용해 최적화를 수행했습니다. 그 결과 도출된 네 가지 환기율은 선행 연구의 환기율 Box plot의 IQR 범위 내에 포함되었고, MAE 78.39 ppm 수준의 오차를 보였습니다. 이는 실제 데이터의 변화 추이를 안정적으로 반영했습니다. 또한 실험통계학을 수강하며 표본추출, 가설검정, 회귀분석 등의 개념 학습과 실습으로 데이터 분석 역량을 쌓았습니다."
SK하이닉스,2026 상반기,IT·개발·전자,양산기술(P&T),,2. 팀워크를 발휘해 사람들을 연결하고 공동 목표 달성에 기여한 경험에 대해 서술해주세요.,"구체적인 상황 / 사람들과의 관계(ex. 친구, 직장 동료 등) / 협조를 이끌어내기 위한 본인의 행동 / 행동의 결과와 느낀 점이 잘 드러나도록 작성해주세요.(600자 이내)
[자발적 팀워크 실천]
기계요소설계 과목에서 전동 킥보드의 주행 안정성을 높이기 위해, 보조바퀴를 장착하는 프로젝트를 수행했습니다. 보조바퀴의 장착 위치에 따른 안정성 코너링을 파이썬 코드로 평가하고 그에 따라 라이노로 설계했습니다. 당시 역할 분담은 응력계산, 모델링, 보조바퀴 재료 선정, 스테빌라이저바 설계로 나뉘었고, 저는 보조바퀴의 볼트와 스프링을 선정하는 역할이었습니다. 그런데 응력 계산 파트에서 해석과 코드 구현에 어려움이 발생해 전체 일정이 지연되는 상황이 발생습니다. 응력 계산 결과에 따라 보조바퀴의 최적 장착 위치가 달라지기 때문에 프로젝트에서 가장 중요한 부분이었지만, 다른 팀원들도 각자 맡은 역할로 여유가 없는 상황이었습니다. 이에 저는 자발적으로 응력 계산과 볼트 하중 계산을 함께 진행하기로 했고, 다른 팀원들에게는 양해를 구한 뒤 PPT 제작과 보고서 초안 작성을 맡아줄 것을 요청했습니다. 그 결과 팀원들과 역할을 재조정하며 더 원활하게 협업할 수 있었고, 프로젝트를 일정 내에 완성할 수 있었습니다. 이 경험을 통해 팀워크는 말이 아닌 행동으로 먼저 보여줄 때 만들어질 수 있다는 것을 배웠습니다."
SK하이닉스,2026 상반기,IT·개발·전자,양산기술(P&T),,3. 도전적인 목표를 세우고 성취하기 위해 끈질기게 노력한 경험에 대해 서술해 주세요.,"목표와 목표 수립과정 / 수행 과정에서 부딪힌 어려움 / 목표 달성을 위한 구체적인 노력 / 노력의 결과와 느낀 점이 잘 드러나도록 작성해주세요. (600자 이내)
[범용성 있는 열교환기 평가코드 완성에 도전]
열에너지시스템 과목에서 쉘 앤 튜브 열교환기를 설계하는 프로젝트를 했습니다. 목표는 어느 조건에서도 초기조건을 입력하면 1년 후 출구온도를 산출해 성능 저하를 판단할 수 있는 코드 구현이었습니다. 그러나 열량 보존식과 열전달식에 출구 온도가 동시에 포함되는 비선형 연립방정식 구조로 인해 해를 구하기 어려웠고, 초기값에 따라 결과가 발산하거나 비현실적인 온도가 도출되는 문제가 발생했습니다. 이를 해결하기 위해 출구 온도를 입구 온도의 일정 비율로 가정하고, 이를 이용해 열량과 유량을 반복적으로 재계산하며 출구 온도를 갱신하는 구조를 설계했습니다. 또한 계산이 수렴하지 않는 경우를 고려해 최대 반복 횟수를 계속 바꾸면서 계산 과정에서 비현실적인 값이 발생하면 물성치를 평균 온도 기준으로 재계산하고, 변수 정의 순서를 정리해 수렴하도록 개선했습니다. 팀원과 발표 당일 새벽까지 다양한 온도 조건으로 코드를 검증한 끝에 범용성 있는 열교환기 성능 평가 코드를 완성하고 발표를 마칠 수 있었습니다. 이 경험을 통해서 어려운 상황이 닥쳤을 때, 원인을 파악하고 해결책을 찾는 경험과 자신감을 얻게 되었습니다."
SK하이닉스,2026 상반기,IT·개발·전자,양산기술(P&T),,"4. 지원자님은 어떤 사람인가요? 지원자님을 가장 잘 나타낼 수 있는 해시태그(#)를 포함하여, 남들과는 다른 특별한 가치관, 개성, 강점 등을 자유롭게 표현해주세요. (본 문항은 선택 문항입니다.)","해당 항목은 필수는 아니며, 해시태그는 최대 2개까지 작성해주세요.
(예시)
#멘토링전문가 #슈퍼태스커(600자 이내)
#중요한건_꺾이지않는_마음#중꺾마
저는 학부연구실에 들어가기 전까지는 코딩을 하는 것에 대한 두려움이 있었고, 기피하는 과목이었습니다. 하지만, 기계공학과를 전공하면서 코딩은 뗄래야 뗼 수 없는 것이라고 느껴서 실내 대기질을 분석하는 연구실에 들어가게 되었습니다.
하지만, 매트랩만 다뤄본 상태에서 파이썬 기반 연구를 따라가야 했고, 다른 연구생들보다 늦게 합류해 이미 진행된 내용을 이해하는 것조차 쉽지 않았습니다. 그래서 여름방학 동안 매일 코드를 직접 뜯어보며 한 줄씩 이해했고, 모르는 부분은 연구생들과 교수님께 끝까지 질문하며 채워갔습니다. 그 결과 학기 중 캡스톤 디자인 프로젝트에서도 역할을 맡아 문제없이 수행할 수 있었습니다. 이런 경험을 하면서 뭐든지 처음이 어렵지 1만 시간의 법칙처럼 시간을 투자하면서 노력하면 되는 것을 느꼈습니다. 이후에는 배우고 싶었던 일렉기타도 매일 연습하며 새로운 도전을 이어가고 있습니다.
이처럼 새로운 것을 회피하지 않고 끝까지 파고드는 태도로, 업무에서 부족한 점이 있더라도 빠르게 학습하고 성과로 연결하는 엔지니어가 되겠습니다."
신한은행,2025 상반기,금융·지주,지역인재,,1. 본인을 가장 잘 설명할 수 있는 짧은 문장 또는 단어를 작성하고 그 이유를 기술해 주세요. (800),"[기업금융 전문가로 성장하기 위한 여정]
저는 끊임없이 부족한 점을 채우며 목표를 향해 성장하는 사람입니다. 기업금융 전문가라는 목표를 세우고, 이를 위해 필요한 역량을 체계적으로 쌓아왔습니다.
학부 시절 재무관리를 수강하면서 기업의 경영 상태와 재무 건전성을 진단하는 재무비율 분석에 매력을 느끼게 되었습니다. 이후 재무제표에 대한 이해와 재무적 지식을 더 갖추기 위해 신용분석사 자격증을 취득하였고, 이를 통해 신용 분석 역량을 길렀습니다.
이론적 지식을 실제 기업 분석에 적용하기 위해, 금융 투자 학회에서 1년 동안 활동했습니다. 8개 국내 상장 기업의 사업성, 산업 전망, 재무 상태 등을 종합적으로 분석한 보고서를 작성했습니다. 다양한 산업군의 기업을 분석하며 업종별 재무비율의 특성을 익혔습니다. 특히 직접 분석했던 ‘삼양식품’이 성장하는 과정을 지켜보며 금융이 기업 성장의 원동력이 된다는 점을 실감했고, 기업의 성장을 돕는 기업금융 전문가로 목표를 구체화하게 되었습니다.
국가 경제가 수출입 중심인 만큼, 기업의 글로벌 사업 구조와 외환 흐름을 이해하는 것이 필수라고 생각했습니다. 이에 외환전문역 2종을 취득하며 외환 및 수출입 실무 지식을 갖췄습니다. 또한 기업 분석 시 재무적 요소뿐만 아니라 비재무적 요소도 중요하다는 점을 깨닫고, 기업 실사를 직접 경험해보고 싶었습니다. 이에 기술보증기금의 기술평가체험단으로 활동하며 기업 실사 경험을 쌓았고 비정량적 평가에 대한 이해를 길렀습니다.
입행 후에는, 실무에서의 부족한 부분을 찾아 적극적으로 보완하며 기업의 성장을 돕는 기업금융 전문가로 거듭나겠습니다."
신한은행,2025 상반기,금융·지주,지역인재,,2. 은행원에게 가장 필요한 역량은 무엇이라고 생각하는지 작성하고 본인의 어떤 부분이 그에 부합하는지 기술해 주세요.(800),"[은행의 경쟁력을 좌우할 고객 중심 사고]
은행원에게 가장 필요한 역량은 ‘고객 중심적 사고’라고 생각합니다. 디지털 전환으로 금융 서비스는 점점 비대면화되고 있지만, 은행의 많은 업무는 여전히 고객과의 대면이 필요하기 때문입니다. 특히 시중은행 간 상품과 금리의 차별성이 줄어드는 상황에서, 고객 서비스는 곧 은행의 경쟁력을 좌우하는 핵심 요인이 될 것입니다.
[고객 중심 사고의 중요성을 깨닫게 된 계기]
LH에서 인턴 근무 당시, 고객의 입장에서 생각하여 불편 사항을 개선하고 고객 편의를 끌어냈던 경험이 있습니다.
당시 내점 고객들의 주거 문제를 상담하고, 고객의 재산 상황과 주거 니즈에 적합한 임대주택을 안내했습니다. 업무에 익숙해지면서 고객들이 앞서 설명한 내용을 되묻는 경우가 많다는 것을 파악했습니다. 충분히 설명했는데도 고객이 제대로 이해하지 못했다면, 이는 정보 전달자의 설명 방식에 문제가 있는 것이라고 생각했습니다. 이 점을 깨닫고 난 후, 일방적인 정보 전달이 아닌 고객의 입장에서 고민하며 효과적인 소통 방법을 찾기 위해 노력했습니다.
고령층 고객이 대부분인 내점 고객의 특성상, 신체적 한계와 정보 접근성 부족으로 인해 불안함을 느껴 이해를 확인하려는 목적으로 되묻는 것임을 알게 되었습니다. 이를 해결하고자 여러 공고문의 주요 내용을 한 장으로 요약한 시각 자료를 제작하여 상담에 활용했습니다. 그 결과, 고객들이 되묻는 경우가 현저히 줄었고 상담 소요 시간은 평균 50% 단축되었습니다.
이를 통해, 고객 관점에서의 이해와 세심한 배려로 고객 가치를 창출할 수 있다는 점을 직접 느꼈습니다."
신한은행,2025 상반기,금융·지주,지역인재,,"3. 신한은행의 핵심가치는 바르게, 빠르게, 다르게 입니다. 당행의 핵심가치 중 하나를 실천했던 경험 및 그 경험이 신한은행 입행 후 어떤 장점으로 발휘될 수 있을지 기술해 주세요.(1000)","[도전 정신과 빠른 실행으로 성장의 기회를 얻다]
금융투자협회가 주관한 금융상품 포트폴리오 경진대회에 참여했을 때, ‘빠르게’ 실행에 옮기고 성장하여 결국 수상이라는 성과를 거두었습니다.
학회원들과 팀을 이뤄 대회에 참여했고, 대회의 규칙은 주어진 고객 정보를 바탕으로 경제 상황에 적합한 자산 관리 포트폴리오를 제안하는 것이었습니다. 첫 회의 날, 팀원들과 역할을 배분할 때 저는 가장 어려운 역할인 종목 선정을 자진해서 맡았습니다. 당시 투자 경험이 전혀 없었지만, 오히려 이를 배우고 성장할 기회라 생각했기 때문입니다.
최초의 자신감과는 달리, 증권 계좌조차 없던 저에게는 모든 과정이 도전의 연속이었습니다. 기본부터 탄탄히 쌓아가자는 목표 아래, 한 달 동안 매일 5시간 이상을 투자 공부에 몰입했습니다. 금융연수원의 ‘포트폴리오 설계’ 교재와 투자 관련 서적 3권을 2주 안에 읽으며, 이론적 기반을 다졌습니다. 이동 시간도 활용하기 위해, ‘삼프로 TV’ 등의 팟캐스트를 들으며 투자 용어와 시황에 대한 시야를 넓혔고, 쉬는 시간에는 유튜브와 블로그를 통해 다양한 투자 아이디어를 공부했습니다. 이러한 노력과 몰입을 통해 변화하는 경제 상황에 따라 매력적인 투자처를 찾는 눈을 기를 수 있었습니다. 이를 바탕으로 채권 포트폴리오를 구성했고 본선에서 심사위원들의 호평을 받으며, 9팀 중 2등이라는 성과도 거둘 수 있었습니다.
대회 이전에는 투자에 대한 지식과 경험이 없어 막연히 ‘투자는 어렵다’라는 고정관념에 사로잡혀 있었습니다. 하지만 대회를 통해 금융시장과 상품 전반에 대한 이해를 기를 수 있었고, 이는 실제 주식 투자를 시작하게 된 계기가 되었습니다. 이 경험을 통해 익숙하지 않음에서 오는 두려움은 실제보다 과할 수 있음을 느꼈고, 새로운 일에 도전할 수 있는 용기를 얻었습니다. 입행 후에도 변화하는 금융 환경에 주저하지 않고, 빠른 실행력과 성장 의지를 바탕으로 전문성을 꾸준히 길러 나가겠습니다."
신한은행,2025 상반기,금융·지주,지역인재,,4. 은행 입행 10년 혹은 20년 후 본인의 모습을 상상해보고 어떤 분야의 전문가로 성장하고 싶은지 기술해 주세요.(800),"[관계형 금융을 실현하는 기업 RM]
입행 20년 후에는 기술력을 가진 중소기업이 중견·대기업으로 성장할 수 있도록 맞춤형 금융 서비스를 제공하는 기업 RM으로 성장해 있기를 희망합니다.
기술보증기금의 기술평가체험단 활동을 통해 중소기업이 겪는 자금조달의 어려움을 실감했습니다. 당시 방문했던 기업은 녹색 기술을 인증받아 기술력을 갖췄음에도, 원활히 대출을 받기 위해서는 보증기관의 보증서가 필요하다는 점을 알게 되었습니다. 이를 통해 담보력이 부족한 중소기업일수록 관계형 금융이 필수적이라는 점을 깨달았습니다.
신한은행은 지난 2년간 관계형 금융 최우수 기관으로 선정되며, 시중은행 중 가장 적극적으로 관계형 금융을 실현하고 있습니다. 이러한 신한은행에서 기업과의 장기적인 관계를 바탕으로 유망한 기업의 성장을 돕는 RM이 되겠습니다.
이러한 목표를 위해 첫째, 기업 금융에 대한 전문성을 기르겠습니다. 실무에서 다양한 산업군에 속한 기업들의 재무제표를 분석하며, 산업별 특성과 리스크 요인을 파악하겠습니다. 개인적으로는 입행 후에도 산업 동향과 기술 변화를 꾸준히 학습하여, 기술력을 가진 기업의 가치를 정확히 평가하겠습니다. 또한, 퓨쳐 아카데미 과정과 MY 직무 COP 등 행내 교육 프로그램도 적극 활용하겠습니다.
둘째, 고객 중심적 사고를 더욱 향상하겠습니다. 여신 상담 및 기업 실사 등 다양한 방식으로 기업과 직접 소통하며, 기업이 처한 상황에 가장 적합한 금융 솔루션을 제안하는 역량을 기르겠습니다.
이를 바탕으로 관계형 금융을 지원하며, 중소기업의 미래를 함께 그려가는 RM으로 성장하겠습니다."
SK하이닉스,2025 하반기,영업·마케팅,영업,,1. 지원하신 직무 분야의 전문성을 키우기 위해 꾸준히 노력한 경험에 대해 서술해주세요.,"[데이터 기반의 시장 분석 및 전략 수립 역량]
영업 직무의 핵심 전문성은 시장 지표를 해석하여 최적의 공급 시점을 포착하는 분석력에 있다고 생각합니다. 저는 광고홍보학을 전공하며 정량적 지표를 바탕으로 타겟의 니즈를 예측하는 역량을 키웠습니다.
먼저 통계 분석 툴을 학습하며 데이터 활용 능력을 길렀고, 이를 반도체 시장 트렌드 분석프로젝트에 적용했습니다. 당시 메모리 반도체의 수요처인 모바일 및 서버 시장의 출하량 데이터를 수집하고, 과거 가격 변동 추이와의 상관관계를 분석했습니다. 이를 통해 단순한 현상 나열이 아닌, 데이터에 기반한 수요 예측의 중요성을 체감했습니다.
실전 경험으로 산학 프로젝트에서 약 2,000명의 소비자 행동 데이터를 필터링하여 특정 제품의 구매 전환율이 높은 시간대와 매체를 도출했습니다. 이를 반영한 결과, 기존 대비 15%의 효율 개선을 이끌어냈습니다. 이러한 데이터 기반의 의사결정 습관을 바탕으로, SK하이닉스에서 글로벌 시장의 변동성을 철저히 파악하고 고객사별 최적의 영업 전략을 제안하는 전문가로 성장하겠습니다."
SK하이닉스,2025 하반기,영업·마케팅,영업,,2. 팀워크를 발휘해 사람들을 연결하고 공동 목표 달성에 기여한 경험에 대해 서술해주세요.,"[객관적 근거로 이견을 좁혀 완성한 산학 협력 프로젝트]
학과 내 산학 협력 프로젝트 당시, 기획과 제작 방향성을 둔 팀원 간의 대립을 중재하여 최종 1위의 성과를 거둔 경험이 있습니다.
당시 기획팀은 데이터에 기반한 실용적인 소구점을 강조한 반면, 제작팀은 시각적 임팩트가 큰 감성적 크리에이티브를 고집하며 프로젝트가 일주일간 정체되었습니다. 저는 팀장으로서 감정적인 대립을 멈추기 위해 고객 관점의 데이터를 중재안으로 제시했습니다.
우선 양측의 아이디어를 핵심 타겟인 20대 남녀 100명에게 설문 조사하고, 심층 인터뷰를 진행했습니다. 그 결과, 타겟은 화려한 영상미보다 실제 사용 후기와 구체적인 기능 정보에 더 민감하게 반응한다는 점을 확인했습니다. 저는 이 수치를 바탕으로 제작팀에게는 감성적인 톤앤매너를 유지하되, 핵심 정보 전달력을 높이는 방식을 제안했고, 기획팀에게는 데이터를 시각적으로 매력 있게 풀어낼 여지를 설득했습니다.
객관적인 지표를 공동의 기준으로 삼자 팀원들은 납득했고, 각자의 강점을 결합한 기획안을 도출할 수 있었습니다. 입사 후에도 부서 간 이해관계를 유연하게 조율하여 실질적인 영업 성과를 만드는 연결고리가 되겠습니다."
SK하이닉스,2025 하반기,영업·마케팅,영업,,3. 도전적인 목표를 세우고 성취하기 위해 끈질기게 노력한 경험에 대해 서술해 주세요.,"[현장의 한계를 넘어선 집요함: 거절을 성과로 바꾸다]
학부 시절 소상공인 마케팅 지원 프로젝트를 수행하며, 홍보 예산이 전무한 상황에서 지역 상권 20개소 제휴라는 도전적인 목표를 달성했습니다.
초기에는 학생들의 제안이라는 이유로 대부분의 상점에서 문전박대를 당했습니다. 저는 포기하지 않고 실패 원인을 분석했습니다. 상인분들에게는 홍보보다 실질적인 방문객 수가 중요하다는 점을 파악하고, 단순 홍보가 아닌 대학생 커뮤니티와 연계한 방문 인증 이벤트 모델을 새롭게 설계했습니다.
이후 2주 동안 매일 상권을 방문하며 구체적인 예상 방문자 수치를 제시하며 설득했습니다. 집요한 시도 끝에 초기 목표였던 20개소를 넘어 총 28개소의 제휴를 끌어냈고, 해당 캠페인은 지역 상권 활성화의 우수 사례로 선정되었습니다. 영업 현장은 수많은 거절의 연속이라고 생각합니다. 목표를 달성할 때까지 분석하고 보완하는 끈기를 바탕으로, SK하이닉스의 글로벌 영업 현장에서 성과를 증명하겠습니다."
SK하이닉스,2025 하반기,영업·마케팅,영업,,"4. 지원자님은 어떤 사람인가요? 지원자님을 가장 잘 나타낼 수 있는 해시태그(#)를 포함하여, 남들과는 다른 특별한 가치관, 개성, 강점 등을 자유롭게 표현해주세요.","#핵심요약_전달자
복잡한 시장 정보에서 고객사가 가장 궁금해하는 핵심만 골라내어 알기 쉽게 설명하는 데 자신 있습니다. 광고 기획을 하며 배운 상대방 맞춤형 소통을 바탕으로, 하이닉스의 기술력을 고객의 언어로 정확히 전달하겠습니다.
#소통_연결고리
본사의 계획과 고객사의 요구가 다를 때, 중간에서 대화로 풀고 합의점을 찾아내는 역할을 잘 수행합니다. 여러 팀과 협력했던 경험을 살려, 영업 현장에서 발생하는 다양한 의견 차이를 조율하고 실질적인 계약 성과를 만들겠습니다."
삼성전자,2025 상반기,영업·마케팅,DX부문_한국총괄_국내영업마케팅,,1. 삼성전자를 지원한 이유와 입사 후 회사에서 이루고 싶은 꿈을 기술하십시오.(700자),"[고객 맞춤형 전략으로 삼성전자의 가치를 전하는 프로]
고객과의 최접점에서 삼성전자의 혁신으로 일상을 새롭게 디자인하는 비전을 이끌어가겠습니다. 삼성전자는 글로벌 1위 IT 기업으로서 온디바이스 AI와 스마트싱스와 같은 기술을 제품에 접목하여 일상을 혁신하고 있습니다. 그 시작점에는 국내 시장에서 시장성을 검증하는 한국총괄이 있습니다. 저 역시 한국총괄 국내영업마케팅 프로로서 고객과의 최접점에서 가치를 제안하여 매출에 기여하고자 합니다.
고객 분석과 전략적 접근을 통해 인스타그램 문학 매거진 계정을 운영해보았습니다. 1020 남성들이 주로 팔로우한다는 점을 반영하여, 그들에게 익숙한 밈을 이용하여 콘텐츠를 운영했습니다. 그 결과, 첫 달에 34만 조회수를 기록한 데 이어, 두 번째 달에는 100% 이상 성장해 70만 조회수를 달성했습니다.
삼성전자의 DX 부문이 제공하는 온디바이스 AI와 스마트싱스 기술은 고객에게 프리미엄 가치를 전달하고 있습니다. 소비자들이 프리미엄 제품의 가치를 경험하도록 유도하려면 심리적 장벽을 허무는 접근이 필요합니다. 앞서 언급한 경험을 바탕으로 고객군의 특성을 면밀히 분석하고 맞춤형 전략으로 매출 증대에 기여하겠습니다.
최종적으로 특정 채널을 전문적으로 담당하는 영업 전문가로 성장하는 것이 삼성전자에서 이루고 싶은 꿈입니다. 이를 위해 국내 소비자들이 삼성전자와 함께 일상을 혁신하는 과정을 함께하겠습니다."
삼성전자,2025 상반기,영업·마케팅,DX부문_한국총괄_국내영업마케팅,,"2. 본인의 성장과정을 간략히 기술하되 현재의 자신에게 가장 큰 영향을 끼친 사건, 인물 등을 포함하여 기술하시기 바랍니다. (1,500자) (※작품 속 가상인물도 가능)","[구성원의 목소리를 듣고 함께 성장하는 공동체를 만들다]
교내 사회혁신 프로젝트에 참여하며 구성원의 목소리에 귀기울일 때 함께 성장할 수 있다는 점을 몸소 배웠습니다. 팀원과 함께 ‘청년 문제를 이야기로 해소한다’는 비전으로 취업준비생 대상 뉴스레터 프로젝트를 진행했습니다. 진행 과정에서 팀원이 처음과 달리 점점 활동에 소극적인 태도를 보이기 시작했습니다. 처음엔 제가 더 많은 업무를 맡으며 대응했으나, 프로젝트가 더 이상 진전되지 않는 순간이 왔습니다.
문제를 해결하기 위해 팀원의 관점에서 프로젝트가 어떻게 진행되고 있는지 생각을 들어 보았습니다. 팀원은 프로젝트는 잘 진행되고 있으나 자신의 의견이 충분히 반영되지 못하는 것 같다고 이야기했습니다. 비전 달성에 사로잡혀 공동체로서 함께 성장해야 한다는 걸 잊고 있었습니다.
뉴스레터에 LLM을 적용하고 싶다는 팀원의 의견을 반영하기로 하자, 팀원이 직접 프롬프팅을 공부해 프로젝트에 적용하는 등 다시 적극적으로 참여하기 시작했습니다. 결국 총 4명의 구독자에게 뉴스레터를 발송하며 프로젝트를 완수할 수 있었습니다. 구성원에게 관심을 기울일 때 비로소 공동체로서 시너지를 낼 수 있다는 것을 알 수 있는 경험이었습니다.
[운영위원장으로서 책임을 다해 동아리를 성장시키다]
동아리의 운영위원장으로서 책임감을 바탕으로 동아리를 운영하고 성장시킨 경험이 있습니다.
직접 창작한 시를 공유하며 이야기를 나누는 시 동아리에 창립 멤버로 참여했습니다. 성실한 활동 참여와 학생회 경험을 인정받아 2기 모집을 준비하는 과정에서 운영위원장으로 선임되었습니다. 회장단 사이의 의견 차이를 조율하고 최종 결정을 내리는 역할이었습니다.
운영위원장으로서 우선 앞으로의 동아리 운영을 위한 운영 수칙을 정립했습니다. 의사 결정 과정에서 가장 최우선으로 고려한 것은 명확한 소통으로 갈등을 예방하는 일이었습니다. 회의를 열어 회장단과 의견을 나눈 뒤, 의견 차이가 좁혀지지 않는 경우 회장, 부회장과 개별적으로 논의하고 설득하는 시간을 가졌습니다. 회장단보다도 많은 시간을 들이며 육체적으로 힘들기도 했으나, 노력한 만큼 동아리가 더욱 효과적으로 운영되는 것을 보며 책임감을 더욱 느낄 수 있었습니다.
결과적으로 2기 부원을 성공적으로 모집했으며 첫 기수 대비 두 배로 늘어난 인원을 안정적으로 관리할 수 있었습니다. 동아리의 비전에 공감한 부원이 차기 운영진으로 지원하며 동아리를 다음 기수로 유지하기도 했습니다. 동아리에 대한 책임감이 동아리의 유지와 성장으로 이어지는 것에 성취감을 느꼈습니다.
졸업 후, 공동체로서 함께 활동한 친구들을 만나면 ‘덕분에 활동의 중심을 잡을 수 있었다’는 이야기를 듣곤 합니다. 맡은 역할에 책임감을 가지고 적극적으로 소통하며, 함께 성장할 수 있다는 것을 배운 소중한 경험들이었습니다.
영업 직무는 조직 내부와 외부 모두와 활발히 소통해야 하는 만큼, 책임감을 갖고 적극적으로 소통하려는 자세가 필요합니다. 항상 유관 부서 혹은 거래선과 책임감 있게 소통하며, 삼성전자의 성장에 기여할 수 있는 방향을 모색할 것입니다."
삼성전자,2025 상반기,영업·마케팅,DX부문_한국총괄_국내영업마케팅,,"3. 최근 사회 이슈 중 중요하다고 생각되는 한 가지를 선택하고 이에 관한 자신의 견해를 기술해 주시기 바랍니다.(1,000자)","[글로벌 불확실성 속 국내 시장의 중요성]
최근 기후 변화와 무역 분쟁 등으로 인해 글로벌 불확실성이 지속적으로 증가하고 있습니다. 소비자의 소비 여력은 감소하고 있으며, 각국의 관세 정책 변화로 인해 수출입 시장의 불안정성이 커지고 있습니다. 급변하는 관세 정책으로 인해 수출입 매출의 변동성이 심화되면서, 안정적인 성장을 기대하기 어려운 상황입니다.
불확실성을 극복하고 지속 가능한 성장을 이루기 위해서는 내수 시장의 경쟁력을 강화하여, 국내에서 안정적인 매출 기반을 확보하는 전략이 필요합니다.
[국내 시장의 세그멘테이션 : B2C 시장과 B2B 시장]
국내 시장을 B2C 시장과 B2B 시장으로 나누어 더욱 정밀한 전략을 구사할 수 있습니다.
우선 B2C 소비자는 불황 속에서 애매한 가격대의 제품보다 확실한 가치를 지닌 제품을 선택하는 경향을 보입니다. 삼성전자는 프리미엄 라인을 통해 제품 가치를 유지하면서도 소비자의 부담을 줄이는 전략을 구사해야 합니다. 프리미엄 가전 제품의 구독형 모델을 도입할 수 있을 것입니다. 고객이 초기 비용 부담 없이 비스포크 냉장고나 그랑데와 같은 프리미엄 제품을 경험하고, 장기적으로는 제품의 가치를 인식하도록 유도할 수 있습니다.
한편, B2B 시장은 상대적으로 높은 예산을 활용하며, 성과를 개선할 수 있다면 투자할 가능성이 높습니다. 따라서 제품과 고객 맞춤형 솔루션을 함께 제공하여 충분히 투자할 가치가 있다는 것을 증명해야 합니다. 예를 들어, 사이니지 제품을 판매할 때 콘텐츠 관리 솔루션을 동시에 제공하여, 고객사의 마케팅 효과나 업무 효율과 성과를 개선하는데 도움을 줄 수 있습니다. 고객사가 충분한 투자 가치를 느끼면 불황 이후까지 장기적인 파트너십을 강화하는 기반이 될 것입니다.
불확실한 시장 상황 속에서도 고객이 제품의 효용을 충분히 체감할 수 있도록, 맞춤형 솔루션과 실질적인 가치를 제안하는 영업 프로가 되겠습니다. 궁극적으로 삼성전자의 지속 가능한 성장을 이끄는 인재로 자리매김하고자 합니다."
삼성전자,2025 상반기,영업·마케팅,DX부문_한국총괄_국내영업마케팅,,"4. 지원 직무 관련 본인의 전문지식과 경험을 작성하고, 본인이 지원 직무에 적합한 사유를 삼성전자 제품과 서비스 사용 경험을 기반으로 기술하시기 바랍니다. (1,000자)","영업은 고객의 니즈를 파악하고 제품이나 서비스의 가치를 제안하여 매출에 기여하는 직무입니다. 고객이 처한 맥락을 바탕으로 ‘가치 제안 전략’을 설계할 수 있습니다.
[비용 부담의 원인을 분석해 가치를 제공하다]
시 동아리 부원들을 대상으로 독서 모임을 운영하며, 문제 원인에 따라 맞춤형 서비스를 제공한 경험이 있습니다. 많은 부원들이 비용 부담으로 인해 시중의 독서 모임에 참여하지 못하고 있었습니다. 대화를 나누며, 실제로 참여 비용이 부담되는 경우와 비용 대비 효용을 걱정하는 경우로 나뉜다는 것을 발견했습니다.
이를 해결하고자 두 가지 옵션을 제안했습니다. 공간대여료만 지불하는 기본 옵션과 책을 공동 구매하는 프리미엄 옵션이었습니다. 기본 옵션으로 모임에 참여하면 비교적 낮은 비용으로 독서 모임을 즐길 수 있었으며, 프리미엄 모임에 참여하는 경우 독서 경매 콘텐츠를 함께 제공하여 깊이 있는 독서 경험을 할 수 있었습니다.
세 번의 모임 후 만족도를 조사한 결과, 모든 참여자가 앞으로도 비용 지불 의사가 있다고 밝혔습니다. 이 경험을 통해 고객의 상황을 파악하고, 그에 맞게 가치를 제안하는 일의 중요성을 체득했습니다.
갤럭시S25 제품을 영업할 때에도 고객의 특성을 분석하여 고객군별로 맞춤형 접근이 가능합니다. 특히 B2C 고객과 B2B 고객이 스마트폰을 구매하는 기준으로부터 접근할 수 있습니다.
제 스스로의 구매 경험과 온라인 리뷰를 살펴보면, 개인은 스마트폰을 구매할 때 기능이 가장 직관적인 카메라 성능에 초점을 맞춰 판단하곤 합니다. 따라서 갤럭시S25 제품을 개인에게 영업할 때 카메라 AI 필터 기능을 강조할 것입니다.
B2B 고객은 제품을 업무에 활용할 것이기에 보안에서의 강점과 구글스페이스와 AI로 연동이 가능하다는 점을 강조할 것입니다. 추가적으로 보안을 강화하거나 업무 생산성을 높일 수 있는 Knox 솔루션을 함께 제안할 것입니다.
앞으로도 고객의 니즈를 면밀히 분석하고 맞춤형 가치 제안을 통해, 삼성전자의 매출 증대와 시장 경쟁력 강화에 기여하겠습니다."
SK하이닉스,2025 상반기,IT·개발·전자,양산기술 (Package &TEST)(청주),,1. 지원하신 직무 분야의 전문성을 키우기 위해 꾸준히 노력한 경험에 대해 서술해주세요.,"양산기술 P&T 직무는 안정적인 양산과 수율 확보가 핵심이라고 생각합니다.
저는 삼성전자 AVP 사업팀에서 하이브리드 본딩(HyB)이 일정에 맞게 진행될 수 있도록 지원하는 업무를 담당했습니다. 이를 위해 다음의 노력을 기울였습니다.
첫째, 유관 부서의 웨이퍼 정보를 토대로 우선순위를 정해 플라즈마, 클리닝, UV 등 전처리를 진행했습니다. 또한, 원부자재 수량을 주기적으로 점검하며 자재가 부족하여 공정이 지연되는 것을 방지하였습니다.
둘째, 단일 설비의 의존도를 낮추고자 추가 설비에 셋업을 요청하였습니다. 이로써 주요 설비가 장기 다운되는 상황에서도 Core를 안정적으로 공급하여 HyB을 계획된 일정 내에 완료했습니다.
셋째, 전기 신호가 지연되거나 전달되지 않는 TSV의 불량 원인을 분석하였습니다. SAT로 불량 위치를 확인하고 FIB-SEM으로 확보한 이미지를 수율 데이터에 반영하였습니다.
실습 기간 동안 각 공정의 진행 상황을 지속적으로 확인하고, 설비를 소싱하여 리스크에 대비하며 철저한 일정 관리 능력을 키웠습니다. 이는 공정 개선 평가에 기여하는 엔지니어에게 꼭 필요한 역량입니다. 이를 토대로 HBM의 수율 향상과 양산을 책임지겠습니다."
SK하이닉스,2025 상반기,IT·개발·전자,양산기술 (Package &TEST)(청주),,2. 팀워크를 발휘해 사람들을 연결하고 공동 목표 달성에 기여한 경험에 대해 서술해주세요.,"엔데믹 직후, 오랫동안 활동한 중앙 동아리가 인원 부족으로 인하여 없어질 뻔한 적이 있습니다. 회장으로서 운영진과 함께 동아리를 되살리고자 다음의 목표를 정하였습니다.
1. 부원 수를 늘리기 위해 적극적으로 동아리를 홍보했습니다.
2. 차기 운영진에게 동아리 노하우를 전수할 수 있도록 비망록 작성을 제안하였습니다.
신설 학과 OT와 새내기 배움터에서 공연을 하고 홍보 부스를 운영하여 280명의 부원을 모집했습니다. 이후 신입생 환영회, 학습부, 워크샵, 버스킹 등의 활동을 통해 부원들의 적극적인 참여를 유도했습니다.
비망록에는 각 운영진의 개인적인 노하우, 진행 방법, 소모 예산 그리고 모든 회의록을 상세하게 정리하였고, 목차를 추가하여 이를 차기 운영진에게 전달하였습니다.
학기 말, 200명 규모의 공연을 성공적으로 마무리하면서 회장을 마쳤고, 2023년도 우수 동아리로 선정되는 성과를 이루었습니다.
동아리를 하며 조직 내에서 팔로워의 역할과 리더가 어떻게 조직을 이끌어야 하는지 알게 되었습니다. 입사 후, 조직 문화에 빠르게 적응하고 맡은 역할을 능동적으로 수행하며 공정 최적화에 기여하겠습니다. 나아가 팀원들을 효과적으로 이끄는 리더로 성장하겠습니다."
SK하이닉스,2025 상반기,IT·개발·전자,양산기술 (Package &TEST)(청주),,3. 도전적인 목표를 세우고 성취하기 위해 끈질기게 노력한 경험에 대해 서술해주세요.,"[후공정 전문가가 되기 위해 꾸준히 노력하였습니다]
양산기술 P&T 직무에 필요한 역량을 기르기 위해 관련 강의를 모두 수강하였습니다. ‘반도체공정’ 수업을 통해 8대 공정에 대한 폭넓은 이해를 갖추었고, ‘반도체공학세미나’에서 TSV와 Si 인터포저 기술 기반의 이종 집적화의 중요성과 본딩 기술에 대해 학습하였습니다.
또한, 컴퓨터 시뮬레이션을 활용해 열 전달 효율성을 높이는 소재의 분자 구조를 분석하고, 에너지 갭을 예측하는 머신 러닝 연구에 몰두한 경험이 있습니다. WebMO 프로그램을 이용하여 소재의 분자 구조 최적화를 시도했지만, 시뮬레이션 결과와 실제 안정 구조 간의 차이로 인해 결합 각도를 정확히 찾는 데 어려움을 겪었습니다. 이를 해결하기 위해 원자 간의 거리에 따른 에너지 변화를 분석하였고, 결합 각도를 정밀하게 조정할 수 있었습니다. 이후, 약 3만 개의 분자들의 에너지 갭을 예측하는 학습 모델을 최적화하여 높은 정확도를 달성하였습니다.
이러한 경험을 통해 문제를 분석하고 해결하는 역량을 기를 수 있었습니다. 입사 후에는 이러한 문제 해결 능력을 바탕으로 HBM의 품질을 개선하며 팀의 목표 달성에 기여하겠습니다."
SK하이닉스,2025 상반기,IT·개발·전자,양산기술 (Package &TEST)(청주),,"4. 지원자님은 어떤 사람인가요? 지원자님을 가장 잘 나타낼 수 있는 해시태그(#)를 포함하여, 남들과는 다른 특별한 가치관, 개성, 강점 등을 자유롭게 표현해주세요. (본 문항은 선택 문항입니다.)","#이미지트레이닝 #멘토링
[회사에 필요한 인재로 빠르게 성장하겠습니다]
인생을 돌아보면, 다른 사람에게 도움을 줄 때 가장 큰 보람과 행복을 느낍니다. 3년 동안 수학 학원에서 조교로 활동하면서 학생들에게 문제 풀이 방법과 시험 대비 접근법을 지도했습니다. 또한, 학부연구생으로서 프로젝트와 공모전에 참여하며 얻은 노하우를 후배들에게 공유하는 멘토링을 진행하였습니다. 이를 통해 상대방의 눈높이에 맞춰 소통하는 능력을 키울 수 있었습니다.
또한, 새로운 분야에 대해서는 충분히 이해하고 전달할 수 있는 수준까지 성장하려는 열정이 생겼습니다. 실수를 줄이기 위해 주어진 업무를 수행하기 전에 항상 이미지 트레이닝을 하는 습관도 갖게 되었습니다.
[입사 후 목표]
입사 초기에는 SKHU 반도체 학습 플랫폼을 이용하여 적극적으로 후공정의 핵심 기술을 배우고 실무 역량을 키우겠습니다.
궁극적으로는 칩을 쌓을 때 고려해야 하는 불량 원인과 발열 관리 등의 문제를 해결하는 엔지니어가 되어 공정 개선과 양산을 주도하며, SK하이닉스의 기술 발전을 이끌어 나가겠습니다.
🔥SK하이닉스 최신 자소서 함께 확인
https://linkareer.com/cover-letter/35895"
삼성전자,2024 상반기,IT·개발·전자,DS부문 반도체연구소 공정설계,,1. 삼성전자를 지원한 이유와 입사 후 회사에서 이루고 싶은 꿈을 기술하십시오.,"[혼연일체]
저는 완벽함을 위해 끊임없이 검증하는 사람입니다.
대학교에 다니며 배운 전공들은 머리로만 이해하기엔 어려웠습니다.
실험을 통해 방금 배운 전공지식을 접목시켜보고 이해할 수 있을 때까지 검증하였습니다.
또한, PSPICE, COMSOL과 같은 Simulation 프로그램들을 이용하여
Transistor, Diode 등 반도체 소자를 이용해 직접 설계한 회로와 제품의 타당성을 검증하였습니다.
삼성전자는 CXL 기반의 차세대 D램 메모리 기술을 통해
1998년 DDR 방식 이후 23년 만에 새로운 메모리 표준화 시대를 개막하였습니다.
세계에서 반도체 기업으로 선두를 달리기 위해 기술의 완벽함을 끊임없이 실험하고 검증하며
추구하는 삼성전자에서 저의 역량을 최고수준으로 활용할 수 있기에 지원하게 되었습니다.
[잘 듣는 것]
저는 많은 사람들의 요구를 잘 들어주고 행하는 엔지니어가 되고 싶습니다.
반도체 OEM 회사에서 인턴으로서 CS 업무를 맡으며 배운 것은 듣는 것의 중요함이었습니다.
제품을 구매하는 사람들은 다양한 이유로 문의하였습니다.
구매자들이 원하는 해결책을 제시해주기 위해서는
어떤 점이 문제가 있는지 잘 듣고 정확하게 파악해야 합니다.
지금까지 배운 전공지식과 경험들을 토대로 고객의 요구사항을 잘 듣고 파악해
만족할 만한 반도체설계를 진행하고 싶습니다."
삼성전자,2024 상반기,IT·개발·전자,DS부문 반도체연구소 공정설계,,"2. 본인의 성장과정을 간략히 기술하되 현재의 자신에게 가장 큰 영향을 끼친 사건,","인물 등을 포함하여 기술하시기 바랍니다. (※작품속 가상인물도 가능)
[조금은 느려도 확실하게]
저는 아주 사소한 것들도 기억하고 두 번, 세 번 다시 검토하여
결함이 없다는 것을 확인할 때까지 만족하지 못하는 성격입니다.
주변에서 피곤하다고 느낄 수도 있지만, 줄곧 이러한 성격이 장점이라고 생각했습니다.
이러한 저의 성향을 알아본 선배님이 저를 대학교 동아리 연합회 사무국장 자리에 추천해주었습니다.
총인원 3,000명이 넘는 71개의 동아리를 관리하며 봄축제, 정기축제 등
소, 대형 행사에 지출되는 수백, 수천 장이 넘는 예, 결산안을 검토해야 했습니다.
학생회원들과 협업하여 2주간 매일같이 밤을 새우며 2천 장이 넘는
예, 결산안을 검토한 결과 횡령률 0%를 이루어 냈습니다.
이 과정에서 제가 가진 꼼꼼함이 남들보단 느릴 수 있지만
확실한 결과를 가져올 수 있음을 느꼈고 맡은 일에 대한 책임감은
항상 준비되어 있어야 한다는 것을 배웠습니다.
[나와의 약속]
'내가 뱉은 말, 맡은 일에 책임을 지자'라는 좌우명을 가지고 대학교에 입학하였습니다.
대학생활 중 가장 우선시했던 것은 등록금을 줄여보겠다는 부모님과의 약속이었습니다.
학창시절 물리라는 과목에 대해 기초만 알고 있었던 저에게 좋은 성적을 얻어
성적장학금을 받기 위해서는 남들보다 훨씬 더 많은 노력을 기울여야 했습니다.
동기들과 매일 수업이 끝나면 도서관에 모여 당일 배운 전공지식을 공유하며
토론, 토의하는 스터디를 최소 2시간씩 진행하였습니다.
확실히 높은 성적을 위해서는 조금 더 공부가 필요하다 생각하였습니다.
물리 수능교재를 구매하여 잠들기 전 한 시간씩 따로 더 공부하는 습관을 들였습니다.
책임감을 가지고 해온 노력과 공부방법으로 인해 전공에 대해 이해력을 갖출 수 있게 되었고
그 결과 지금까지 총 4번의 성적장학금을 받을 수 있었습니다.
학교 연계로 반도체 OEM 업체인 (주)한창코퍼레이션 에서 인턴을 하게 되었을 때도
제 역량들은 빛을 발했습니다. 처음 경험하는 사회에서의 일은
대학교에서 경험하는 것보다 훨씬 복잡하고 어려운 절차로 진행되었습니다.
맡은 일을 꼼꼼히 처리하는 것뿐만 아니라 어떻게 하면 더 효율적으로 일할 수 있을지
고민했고 자발적으로 선임분들과 같이 야근을 하며 일의 절차를 정리하였습니다.
처음 일하는 사람도 이해하기 쉽게 엑셀에 작업화면을 캡처하고 일일이 설명을 달았습니다.
그 결과 맡은 일에 대한 이해도가 증가하여 일의 능률이 빨라졌고 남는 시간을 활용하여
회사의 앞으로 사업에 도움이 될 수 있는 Arduino Sensor에 대한 프로젝트도
진행할 수 있게 되었습니다. 또한, 일의 절차를 정리한 엑셀은
신입사원을 위한 SOP로 채택되는 인턴으로서의 영광도 누릴 수 있었습니다.
반도체 공정 엔지니어는 그 어떠한 엔지니어들보다 꼼꼼함을 바탕으로
책임감 있게 맡은 일을 마칠 수 있어야 합니다. 저의 성장 과정 및 경험은
공정 설계 직무에서의 맡은 일을 수행함에 있어 긍정적으로 작용할 수 있을 것입니다."
삼성전자,2024 상반기,IT·개발·전자,DS부문 반도체연구소 공정설계,,3. 최근 사회이슈 중 중요하다고 생각되는 한가지를 선택하고,"이에 관한 자신의 견해를 기술해 주시기 바랍니다.
최근 세계 자동차 판매 1위인 폭스바겐에서 전기자동차의 핵심 부품인
배터리를 내재화하겠다고 선언했습니다.
LG 화학, SK이노베이션으로부터 파우치형 배터리를 공급받고
삼성SDI로부터 각형 배터리를 공급받는 폭스바겐의 이러한 선언은
대한민국 배터리 산업에 큰 영향을 끼치고 있습니다.
각형과 파우치형 배터리의 장단점을 살펴보면 파우치형은
높은 에너지 밀도와 다양한 형상으로 제조가 가능하지만 생산성이 낮습니다.
이에 비해 각형 배터리는 기계적 안정성이 뛰어나 배터리팩 구성이 용이하고
생산성이 높지만 에너지 밀도가 떨어진다는 단점이 있습니다.
각 배터리의 장단점을 살펴보았을 때, 퍼포먼스를 우선시하는
전기차에는 파우치형이 들어가는 것이 좋아 보입니다.
하지만 전 세계적으로 2030년 전후 온실가스 배출량을 줄여나가는 규제를 시행하고 있습니다.
내연 기관 자동차를 점차 줄여나감에 따라 전기자동차의 미래는 밝고
통상적으로 판매하는 전기자동차 제품의 배터리는 수요에 맞추기 위해
각형 배터리를 쓸 수밖에 없다고 생각합니다.
전 세계 전기자동차 배터리의 약 50%를 차지하고 있는
각형 배터리는 앞으로 더욱 중요해질 것입니다.
특히 각형 배터리를 취급하는 CATL은 전 세계 전기차 배터리 사용량 점유율 1위에 자리하고 있습니다.
CATL과 경쟁하기 위해서는 더 높은 품질의 제품을 만들고
불량률을 줄여나가 원가절감을 하는 방식으로 반응해야 한다고 생각합니다.
반도체 OEM 회사인 (주)한창코퍼레이션에서 인턴십을 진행하며
회사에서 판매하는 SSD 제품 중 5개에 1개꼴로 SSD 불량률이 생기는 것을 확인하였습니다.
중국어에 능통하신 대리님과 함께 중국제조공장에 연락하여 추가검수를 진행하였고
불량률이 반으로 줄어들게 된 경험이 있습니다.
이러한 경험을 통해 대화와 협업으로 불량률을 줄여나가는 것이
원가절감을 하는 데 있어 중요하다는 것을 배웠습니다.
국내 기업들이 이 방향으로 나아간다면 세계시장에서 지금보다 더 큰 파이를 차지할 수 있을 것입니다."
삼성전자,2024 상반기,IT·개발·전자,DS부문 반도체연구소 공정설계,,"4. 지원한 직무 관련 본인이 갖고 있는 전문지식/경험(심화전공, 프로젝트, 논문, 공모전 등)을 작성하고,","이를 바탕으로 본인이 지원 직무에 적합한 사유를 구체적으로 서술해 주시기 바랍니다.
[밑바탕]
전공 수업에서 반도체의 개념과 Diode, MOSFET 등의 소자들을 학습하면서
엔지니어들과 소통할 수 있는 역량을 쌓았습니다. 또한, 학부 공부와 더불어
지금까지 배운 지식을 재점검하고 확실히 하기 위해
전기기사 자격증 취득을 목표로 하였고 올해 그 목표를 이룰 수 있었습니다.
전기와 반도체 소자에 대한 이해를 바탕으로
반도체 공정설계직무에서 역량을 다 보여줄 수 있도록 준비하였습니다.
4년간 배운 전공지식을 바탕으로 반도체 소자와 Arduino Sensor를 활용한
팀 프로젝트를 진행하였습니다. 기존에 존재하지 않는 아이디어를 창작해내고
실제의 전자제품을 만드는 것이 목적이었습니다.
새로운 전자제품을 만드는 것이기 때문에 좋은 아이디어를 내는 것이 관건이었습니다.
팀장으로서 더 나은 주제를 선정하기 위해 팀원들과 함께
각자의 아이디어를 PPT로 만들어 상호발표를 진행하여 아이디어를 선정하였습니다.
Lat PullDown 운동을 함에 있어 Brushless DC, 전파정류기, DC-DC Converter를 통해
휴대폰을 충전할 수 있는 전력을 얻음과 동시에 무게추의 운동속도를 측정하여
칼로리로 계산하는 것이 주된 아이디어였습니다.
하지만 여러 번의 시뮬레이션 결과 컨버터에 출력이 큰 부하가 걸릴 때,
출력전압의 유지가 쉽지 않아 원하는 발전량을 얻어낼 수 없었고 제품의 크기가 커지는 한계점을 느꼈습니다.
팀원들과 토의한 결과 발전기를 제외하고 카메라, 기울기 센서를 이용하여
자세를 더 정확하게 분석하고 교정을 시키는 방향으로 나아갔습니다.
확실하고 완벽하게 제품을 만들기 위해 제품의 HW를 다 만든 후 발표 전까지
매일 시뮬레이션을 통해 오차율을 줄였고 칼로리와 자세의 오차율을 평균 3%까지 줄일 수 있었습니다.
그 결과 주어진 시간 내에 제품을 만들 수 있었고 팀 내 프로젝트 1위를 할 수 있었습니다.
소자에 대한 지식과 완벽함을 위해 달려나갔던
이 경험은 향후 반도체 공정설계 직무에 있어 도움이 될 것으로 생각합니다."
SK하이닉스,2024 하반기,IT·개발·전자,양산기술,,1. 지원하신 직무 분야의 전문성을 키우기 위해 꾸준히 노력한 경험에 대해 서술해주세요.,"(전문성의 구체적인 영역(ex. 통계 분석) / 전문성을 높이기 위한 학습 과정 / 지식과 기술을 실전에 적용한 경험 / 경험의 진실성을 증명할 수 있는 근거가 잘 드러나도록 기술해주세요.)
[반도체 공정에 대한 이해]
반도체공정 과목을 수강해 전체적 공정의 이해를 높였습니다. 8대 공정을 통해 반도체 하나가 생산되는 것이 아니라 6대 공정의 반복이 필요함을 깨달았고, issue 하나만으로 전체적인 품질에 문제가 생기는 만큼 각 공정의 최적화가 필요함을 느꼈습니다. 이 외에도 BJT, MOSFET의 원리, 현행 한계점을 공부해 기본적인 이해를 높였습니다. Deposition, Etch, Litho의 기법에 따른 특징과 장단점을 숙지해 목표 product에 따른 비용 최적화 공정 수립의 필요성 또한 이해하고 있습니다.
[데이터 분석 역량]
화공기초실험및설계 과목에서 조별 전지의 Capacity와 Voltage간 비교 데이터를 R을 이용해 그래프로 표현했습니다. 그래프 상에서 특정 전지의 충전 시작 전압값이 튀는 한 전지가 있어 양극재 제작시 재료 비율에 오류가 있을것이라 판단, 실제로 해당 조에게 질문해 확인했습니다. 이 외에도 PEM을 이용한 디스플레이 특성 분석에서 origin을 이용해 PI film의 retardation을 측정했습니다. 데이터의 안정성으로 rubbing시 사용되는 러빙포의 품질에 defect가 있음을 발견하였습니다."
SK하이닉스,2024 하반기,IT·개발·전자,양산기술,,2. 팀워크를 발휘해 사람들을 연결하고 공동 목표 달성에 기여한 경험에 대해 서술해주세요.,"(구체적인 상황 / 사람들과의 관계(ex. 친구, 직장 동료 등) / 협조를 이끌어내기 위한 본인의 행동 / 행동의 결과와 느낀 점이 잘 드러나도록 작성해주세요.)
[다건의 설계 팀장이 되다]
전공 교육과정에 있는 3개의 실험 설계 과목에서 모두 팀장으로 일하였습니다. 팀장을 맡으며 각 실험마다 다른 점들을 배울 수 있었습니다.
첫 번째는 ‘리더십’ 입니다. 팀원의 일정에 따라 다른 업무를 지시하고 발표에 필요한 A 이론과 B 이론을 각각 전담시켜 일의 효용성을 높였습니다. 이 과정에서 팀원들을 이끄는데 필요한 카리스마, 배려 및 조율 능력을 배웠습니다.
두 번째는 ‘장점 극대화’ 입니다. 같은 조에 외국인 팀원이 있어 소통에 난항을 겪었습니다. 그러나 대부분의 논문이 영어라는 특성 상 해당 팀원은 논문 정리에 탁월했습니다. 그래서 그 팀원에게 심층 이론 조사를 배정해 질 좋은 자료를 제작할 수 있었습니다.
마지막은 ‘갈등 조정 능력’ 입니다. 추가 실험에 관해 한 팀원과 일정 문제로 갈등이 발생했습니다. 이를 해결하기 위해 추가 실험은 남은 조원끼리 하되 부재한 팀원이 이해할 수 있도록 상세히 기록하고, 그 뒤 데이터 정리는 부재한 팀원이 맡아 균형을 조절했습니다. 그 결과 모두 만족할 수 있었습니다.
양산기술 엔지니어는 타 부서와의 협업이 잦아 소통이 중요합니다. 제가 가진 덕목들로 이에 활용하겠습니다."
SK하이닉스,2024 하반기,IT·개발·전자,양산기술,,3. 도전적인 목표를 세우고 성취하기 위해 끈질기게 노력한 경험에 대해 서술해 주세요.,"(목표와 목표 수립과정 / 수행 과정에서 부딪힌 어려움 / 목표 달성을 위한 구체적인 노력 / 노력의 결과와 느낀 점이 잘 드러나도록 작성해주세요.)
[데이터 수집을 통한 목표 성취]
학부연구생 과정중 Polyimide film을 제조한 경험이 있습니다. 여러 조건에서 PI film 합성 후, 데이터를 취합해 목표 두께인 30µm을 제조했습니다.
두 종류의 PAA 제작 후 ITO glass 위에 spin coating하였습니다. 변수를 spin coater의 rpm으로 설정했습니다. 이 때 rpm을 낮추면 glass center와 side간 두께 균일도가 낮아졌고, 균일도를 위해 rpm을 높이면 두께가 얇아진다는 문제점이 있었습니다.
따라서 어느정도 두께를 확보하면서 균일한 film을 제조하기 위해 500 ~ 2000 rpm 범위에서 100 rpm으로 구간을 설정했습니다. 그리고 glass의 9개 지점을 설정해 각 지점별, rpm별 데이터를 모두 기록했습니다. 그 결과 1800rpm, 1500rpm으로 2번 coating 진행시 원하는 두께를 획득할 수 있었습니다.
다량의 데이터 분석 과정을 통해 끈기가 목표 성취의 주요 요소임을 깨달았습니다. 양산기술 직무는 wafer의 defect 원인을 분석하고 적절한 solution을 찾아야 합니다. 제가 가진 끈기로 wafer 수율 향상에 기여하겠습니다."
SK하이닉스,2024 하반기,IT·개발·전자,양산기술,,"4. 지원자님은 어떤 사람인가요? 지원자님을 가장 잘 나타낼 수 있는 해시태그(#)를 포함하여, 남들과는 다른 특별한 가치관, 개성, 강점 등을 자유롭게 표현해주세요. (본 문항은 선택 문항입니다.)","(해당 항목은 필수는 아니며, 해시태그는 최대 2개까지 작성해주세요. (예시) #멘토링전문가 #슈퍼태스커)
#친화력
저는 타인과 편안한 관계를 맺고 유지하는 것에 능합니다. 과 동아리를 6년동안 하며 5살 선배부터 5살 후배까지 많은 사람들과 친분을 쌓았습니다. 일부 선배와는 아직도 같이 취미생활을 즐기고 있습니다. 또한 많은 사람과 더 친해지고 싶어 임원진까지 1년동안 진행하며 더욱 폭넓은 관계를 쌓으며, 사람과 소통하는 법을 익혔습니다. 양산기술 직무는 공정상 문제 해결을 위해 다른 부서와의 협업이 필수적입니다. 제가 가진 친화력이 협업 시 소통에 plus가 될 것입니다.
#도전
저는 목표를 세우고 도전하는 것을 즐깁니다. 21년 3월, 막 운전면허를 따고 연수를 받은 직후 차로 운전하며 혼자 여행을 다니고 싶다는 생각이 들었습니다. 그래서 일정을 짜고 2주간 주차, 야간운전 등을 연습하며 4박 5일의 여행을 혼자 다녀왔습니다. 이 외에도 평소에 달리기를 즐겨 하프 마라톤 완주를 2024년의 꿈으로 삼았습니다. 이를 위해 일 3~5km, 때때로 10km를 달렸습니다. 힘든 노력 끝에 2024년 5월, 2시간 8분 51초의 성적으로 21.1km를 완주할 수 있었습니다. 남은 2024년 제 한계를 42.195km의 풀 마라톤으로 삼고 도전하려 합니다."
SK하이닉스,2026 상반기,생산·제조,제조 - 양산기술,,1. 지원하신 직무 분야의 전문성을 키우기 위해 꾸준히 노력한 경험에 대해 서술해주세요.,"[정상 패턴 학습 기반 이상 징후 분석 경험]
저는 데이터 속 이상 신호를 빠르게 포착하고 공정 개선으로 연결하는 역량이 양산기술의 핵심 전문성이라고 생각했습니다. 이를 키
우기 위해 2년간 이미지 기반 이상 탐지 기법을 꾸준히 학습하고, 실제 웨이퍼 데이터에 반복 적용했습니다.
추가자료
양산 초기에는 불량 데이터가 부족하고 이상 유형도 비정형적이라는 점에 주목해, 정상 패턴만을 학습해 이상을 판별하는 CAE 모
델을 설계했습니다. 재구성 오차를 기준으로 defect와 미세 particle 후보를 판별했고, 이 과정에서는 단순 정확도보다 실제 양산
에서 더 치명적인 미탐을 줄이는 데 집중했습니다. Python으로 정상/이상 이미지를 반복 비교하며 Threshold를 조정했고, 오차가
크게 나타나는 결함 양상을 직접 확인하며 판별 기준을 다듬었습니다.
이 과정을 통해 98%의 검출 정확도를 달성했고, 성과물을 기반으로 한 공모전에서 최우수상을 수상했습니다. 이 경험으로 이상 징
후를 조기에 해석해 공정 개선으로 연결하는 역량을 길렀습니다. 입사 후에도 이러한 분석 역량으로 양산기술 현장에서 이상 징후를
조기에 포착하여 Yield와 불량 지표를 안정적으로 관리하겠습니다."
SK하이닉스,2026 상반기,생산·제조,제조 - 양산기술,,2. 팀워크를 발휘해 사람들을 연결하고 공동 목표 달성에 기여한 경험에 대해 서술해주세요.,"[데이터로 현장의 우려를 공동 목표로 바꾼 경험]
직무혁신 성과 팀 공모전에서 현장 작업자들의 반대를 데이터로 설득해 흡착식 고무 취출장치 도입을 이끈 경험이 있습니다.
당시 작업자들은 새 장치가 불량률을 높이고 작업 편의성을 떨어뜨릴 수 있다며 테스트를 반대했고, 본사와 현장 사이의 입장 차이
로 협업이 중단될 위기였습니다. 저는 먼저 현장의 우려를 정확히 이해해야 한다고 판단해 3일간 성형 취출 과정을 함께 수행하며
고무 재현성, 취출 온도 변화, 90dB 이상의 소음을 직접 확인했습니다.
이후 이를 바탕으로 64개의 봉 구조를 모델링하고 반복 실험을 통해 최적 구조를 도출했으며, 설계 기준에도 현장 의견을 반영했습
니다. 또한 기술적 장점만 설명하기보다 작업 흐름 변화와 불량 억제 효과를 중심으로 소통해 협조를 이끌어냈습니다.
그 결과 장치를 실제 공정에 도입해 불량률 1% 미만 유지, Tact Time 51% 감소, 월 생산량 54% 증대라는 성과를 얻었습니다. 이
경험을 통해 팀워크란 서로 다른 입장을 데이터와 실행으로 연결해 공동 목표를 이루는 과정임을 배웠습니다. 양산기술 현장에서도
공정팀과 R&D팀 간 다른 입장을 데이터로 조율하겠습니다."
SK하이닉스,2026 상반기,생산·제조,제조 - 양산기술,,3. 도전적인 목표를 세우고 성취하기 위해 끈질기게 노력한 경험에 대해 서술해 주세요.,"[최적의 조건을 찾기 위한 끊임없는 시도]
KTR 충전 프로토콜 프로젝트에서 21700 셀의 충전 시간을 줄이면서도 안정성을 유지할 수 있는 조건을 찾겠다는 목표에 도전한
경험이 있습니다.
과제는 단순 충방전 실험 데이터의 확보였지만, 저는 실제로 적용 가능한 충전 조건 설계를 목표로 설정했습니다. 처음 10회 실험에
서는 전류를 높이면 시간이 단축될 것이라 예상했지만, Voltage Drop과 온도 상승이 함께 나타나며 어려움을 겪었습니다. 저는 목
표를 낮추지 않고 충전 전류와 단계 전환 전압을 핵심 변수로 재설정했습니다. 이후 안정성 향상을 위해 부하를 분산할 수 있는 두 가
지 방법인 MSCC와 Pulse Charge 조건을 30회 반복 비교하며 전압 변화와 충전 시간을 반복 분석한 끝에 병목 구간을 완화할 수
있는 5-step 조합을 찾아 기존 대비 충전 시간을 23분 단축했습니다.
이 경험을 통해 도전적인 목표를 이루기 위해서는 가설에 머무르지 않고, 실패 원인을 데이터로 끝까지 추적하며 조건을 다시 설계
하는 끈질김이 필요하다는 점을 배웠습니다. 입사 후에도 양산 공정의 조건을 끝까지 개선하며 목표 수율 달성에 기여하겠습니다."
SK하이닉스,2026 상반기,생산·제조,제조 - 양산기술,,"4. 지원자님은 어떤 사람인가요? 지원자님을 가장 잘 나타낼 수 있는 해시태그(#)를 포함하여, 남들과는 다른 특별한 가치관,","개성, 강점 등을 자유롭게 표현해주세요. (본 문항은 선택 문항입니다.)
#데이터로확인하는사람 #현장에서답을찾는사람
저는 문제를 감이나 추측으로 넘기기보다 데이터를 통해 먼저 확인하고, 필요하면 직접 현장에 들어가 답을 찾는 사람입니다. (주)이
너보틀과 협업한 프로젝트에서도 새로운 장치 도입을 반대하는 작업자들을 책상 위에서 설득하려 하지 않고, 3일간 현장에 들어가
공정을 함께 수행하며 소음, 작업성, 취출 온도 변화를 직접 확인했습니다. 이후 현장에서 얻은 정보를 바탕으로 설계 기준을 수정해
생산성 개선으로 연결했습니다. 앞으로도 데이터를 통해 원인을 먼저 확인하고, 필요하면 직접 현장에 들어가 해결책을 찾는 방식으
로 양산기술 현장의 문제를 해결하겠습니다."
네이버Z,2025 하반기,IT·전자,계약 정산 및 광고 운영,,"1. 자기 자신을 자유롭게 소개해 주세요. (예: 성격의 장/단점, 가치관, 경력 등)","저는 관계에 따라 다양한 모습을 보입니다. 가족 사이에서는 말이 적고 표현이 서툴지만, 중요한 일은 빠뜨리지 않고 챙기는 ‘츤데레 첫째딸’이고, 친구들 사이에서는 항상 분위기를 밝게 이끄는 유머 담당입니다. 반면, 세무 스터디를 운영할 때는 ‘엄격한 관리자’ 역할을 자처했습니다. 매주 학습 목표를 설정하고, 구성원들이 흐트러지지 않도록 진도와 과제를 조율하며 팀을 책임감 있게 이끌었습니다. 이처럼 저는 상황에 따라 유연하게 역할을 수행해왔지만, 그중에서도 ‘책임감을 갖고 팀을 위해 리더십을 발휘하는 모습’이 가장 저다운 모습이라고 생각합니다.
회계학을 전공하면서 숫자 속에서 기업의 이야기를 읽어내는 재미에 매료되었습니다. 단순한 수치의 나열이 아닌, 재무제표 속에 담긴 경영 전략과 재무 건전성을 분석하는 과정은 마치 퍼즐을 푸는 듯한 흥미를 주었습니다. 전산회계 1급과 재경관리사 자격증을 취득하며 실무 역량의 기초를 다졌고, CPA 시험을 1년간 준비하면서 회계 전반에 대한 깊이 있는 이해를 쌓을 수 있었습니다. 그 과정에서 원가 계산의 정밀함, 세무의 복잡한 체계, 회계 기준의 논리적 구조 등을 익히며 ‘회계’라는 도구가 기업의 전략적 판단을 지원하는 핵심 수단임을 체감하게 되었습니다.
저는 꼼꼼하고 체계적인 성격을 가지고 있습니다. 작은 실수 하나가 큰 영향을 미칠 수 있는 회계 업무의 특성과 잘 맞는다고 느꼈습니다. 또한 어떤 일을 맡았을 때 끝까지 책임지고 완수하려는 태도는 제가 지켜온 가치이자, 팀워크가 중요한 조직에서도 강점이 될 수 있다고 믿습니다. 대학 생활 동안 학생회 예산 관리, 학교 재무과 근로, 회계 스터디 운영 등 다양한 경험을 통해 실무 감각과 협업 능력을 키워왔고, 이를 바탕으로 회계 직무에서도 실질적인 기여를 할 수 있을 것이라 자신합니다.
앞으로는 이러한 경험과 역량을 바탕으로, 단순한 회계 실무자가 아닌 기업의 전략적 성장을 회계적으로 지원하는 전문가로 성장하고 싶습니다."
네이버Z,2025 하반기,IT·전자,계약 정산 및 광고 운영,,2. 현재 시점 자신이 가장 관심을 가지고 이용하고 있는 서비스를 소개해주세요.,"제가 가장 관심을 가지고 꾸준히 이용하고 있는 서비스는 네이버 Z에서 운영 중인 Sticker.ly입니다. Sticker.ly는 누구나 손쉽게 자신만의 스티커를 만들고, 공유하고, 사용할 수 있는 DIY 스티커 플랫폼으로, 단순한 메신저 보조 기능을 넘어 창의적 자기표현 수단으로 자리잡고 있습니다.
처음에는 재미 삼아 유명 밈이나 드라마 속 장면을 잘라 스티커로 만들어 사용했지만, 점점 제 감정이나 말버릇, 친구들과의 추억을 담은 스티커를 직접 만들게 되면서 Sticker.ly는 저에게 소통의 도구이자 창작의 플랫폼이 되었습니다. 특히, 투명 배경 자동 제거 기능, 감각적인 폰트, 스티커 세트 구성 등의 편리한 기능 덕분에 누구나 디자이너가 된 듯한 경험을 할 수 있다는 점에서 큰 매력을 느꼈습니다.
Sticker.ly를 통해 저는 단순한 메시지 전달을 넘어서, 텍스트에 감성을 더하는 방식을 배우게 되었습니다. 이처럼 일상 속에서 ‘나만의 콘텐츠’를 만들어 공유하는 즐거움을 주는 서비스는 많지 않다고 생각합니다.
향후에는 Sticker.ly처럼 사용자의 감정과 개성을 섬세하게 담아낼 수 있는 서비스를 기획하거나, 데이터를 기반으로 더 맞춤화된 콘텐츠 추천 기능을 제안하는 데 기여하고 싶습니다. 제가 자주 사용해본 경험과 사용자 관점에서의 이해가 실제 업무에서도 강점이 될 수 있을 것이라고 생각합니다."
네이버Z,2025 하반기,IT·전자,계약 정산 및 광고 운영,,3.지원자를 가장 잘 아는 사람이 우리에게 지원자를 어떻게 소개할 것 같나요?,"저를 가장 잘 아는 사람은 저를 이렇게 소개합니다.
“분위기를 편안하게 만들어주는 사람이다. 처음 보는 사람과도 금세 어색함을 없애고 웃음을 주는 사람이며, 누군가 고민을 털어놓으면 때로는 T처럼 명확한 조언을 건네고, 때로는 F처럼 따뜻하게 공감해주는 카멜레온 같은 사람이다.”
실제로 저는 상대방의 감정과 상황에 따라 유연하게 태도를 조절하며 소통하려 노력해왔습니다. 무조건 공감하거나, 무조건 이성적으로 판단하지 않고, 필요한 역할을 순간마다 분별하는 균형 잡힌 태도를 중요하게 생각합니다. 겉보기에는 부드럽고 여려 보일 수 있지만, 실제로는 자기 관리를 철저히 하며 중심이 단단한 사람입니다. 회계 자격증을 준비하고, 스터디를 운영하며 느슨해지기 쉬운 상황 속에서도 매주 목표를 세우고 책임감 있게 실천해왔습니다. 항상 목표를 향해 묵묵히 나아가는 제 모습에 대해 “항상 목표를 쫓는 사람 같다”는 말을 자주 듣습니다.
하지만 계획적이라는 성향이 유연함을 해치지는 않습니다. 여행을 함께 간 경험이 있는 친구는 이렇게 말했습니다. “예상치 못한 상황이 생겨도, 화를 내거나 짜증을 내는 것이 아니라 오히려 먼저 배려해주더라. 그 모습을 보고 정말 괜찮은 사람이라고 느꼈다.”
이처럼 저는 계획 속에서도 유연하게 움직이고, 타인을 먼저 배려할 줄 아는 균형감 있는 태도를 지니고 있습니다. 이러한 성향은 조직 안에서도 유연한 협업과 책임 있는 실행을 동시에 가능하게 하는 저만의 강점이 될 것이라 생각합니다."
네이버Z,2025 하반기,IT·전자,계약 정산 및 광고 운영,,"4.팀을 이뤄 활동을 진행한 적이 있으시다면, 해당 활동으로 배운 점은 어떤 점인지 서술해주세요.","경영분석 수업에서 여행업 상장기업 두 곳을 선정해 재무제표를 비교·분석하는 팀 프로젝트를 수행한 경험이 있습니다. 팀원들과 함께 기업의 안정성, 수익성, 성장성을 나타내는 다양한 재무비율을 도출하고 이를 바탕으로 두 기업의 재무 상태를 비교했습니다. 처음에는 수치에 대한 해석이 어렵게 느껴졌지만, 분석을 반복하면서 숫자 이면에 담긴 기업의 전략과 상태를 점차 이해할 수 있게 되었고, 최종 발표를 통해 이를 명확하게 전달하는 능력도 키울 수 있었습니다.
당시 프로젝트에서는 많은 재무비율을 포함시켜 분석의 깊이를 더하고자 했으나, 교수님으로부터 “중요한 비율만 선별해 다시 제출하라”는 피드백을 받았습니다. 갑작스러운 수정 요청에 팀원 모두 당황했지만, 저는 중심을 잡고 팀원들과 적극적으로 의견을 나누며 혼란을 조율하고자 했습니다. 불필요한 비율은 과감히 줄이고, 핵심 수치를 중심으로 분석 구조를 재정비했습니다. 이 과정에서 팀원들의 다양한 의견을 존중하며 각자의 생각을 하나의 방향으로 통합하는 조율 능력을 기를 수 있었습니다.
이 경험을 통해 저는 DART 전자공시 시스템에서 재무제표를 실질적으로 읽고 분석하는 방법을 익혔고, 개별 수치가 단지 숫자가 아니라 기업의 실질적인 경영활동과 전략을 반영한다는 것을 배웠습니다. 또한 재무적 지표뿐 아니라 비재무적 요소가 기업 성과에 어떤 영향을 미치는지에 대해서도 통합적으로 사고할 수 있게 되었습니다.
무엇보다도, 팀 활동에서 중요한 것은 나의 의견을 관철하는 것이 아니라 모두가 공감하고 함께 나아갈 수 있는 방향을 만드는 것이라는 점을 배웠습니다. 서로를 배려하면서도 생산적인 타협점을 찾아가는 과정은 협업의 본질을 체득할 수 있는 소중한 기회였습니다. 이 경험은 단순히 회계 지식을 쌓는 데 그치지 않고, 숫자에 대한 분석력과 더불어 팀 내에서의 커뮤니케이션, 조율, 협력 능력까지 함께 성장할 수 있었던 계기였습니다. 앞으로도 이러한 경험을 바탕으로 실무에서도 유연하고 책임감 있게 협업하며 성장해나가겠습니다.
🔥네이버 스크랩 TOP 자소서 함께 확인하세요!
https://linkareer.com/cover-letter/34843"
SK하이닉스,2025 하반기,IT·전자,설계 (이천),,1. 지원하신 직무 분야의 전문성을 키우기 위해 꾸준히 노력한 경험에 대해 서술해주세요.,"<아날로그 설계 역량과 공정 이해의 시너지>
메모리 설계의 핵심인 고속 신호와 수율을 확보하기 위해 두 가지 전문성을 쌓았습니다.
첫째, 학부연구생 시절 저전력 Op-Amp 레이아웃 최적화를 통해 설계 정밀도를 높였습니다. 초기 설계 시 포스트 시뮬레이션에서 Gain이 15% 이탈하는 문제를 겪었으나, 기생 성분을 역추적하고 더미 패턴을 삽입하는 등 레이아웃을 수정하여 오차율을 3% 이내로 정합시켰습니다.
둘째, 서울대 반도체 실습을 통해 공정 산포에 대한 이해를 넓혔습니다. 웨이퍼 위치에 따른 Vth 편차를 직접 측정하며, 이것이 아날로그 회로의 Mismatch에 미치는 영향을 분석했습니다. 이를 바탕으로 설계 시 Monte Carlo 분석을 도입해 Worst-Case에서도 동작하는 설계 역량을 갖췄습니다.
삼성전자 현장실습 당시에도 이러한 공정-설계 간의 유기적 관계를 현업의 관점에서 학습하며 실무 감각을 익혔습니다. 이러한 경험을 바탕으로 하이닉스의 차세대 DRAM 설계에서 공정 한계를 극복하는 정밀한 설계를 수행하겠습니다."
SK하이닉스,2025 하반기,IT·전자,설계 (이천),,2. 팀워크를 발휘해 사람들을 연결하고 공동 목표 달성 에 기여한 경험에 대해 서술해주세요.,"학부 시절, 반도체 공정/설계 통합 프로젝트를 수행하며 공유 문서를 활용한 단일화로 목표 달성에 기여했습니다. 당시 설계 팀은 이상적인 수치에 집중했고, 공정 팀은 구현 가능성을 강조하며 레이아웃 배치 방식에서 견해 차이를 보였습니다. 각자의 데이터가 파편화되어 있어 서로의 제약 사항을 정확히 이해하지 못하는 것이 문제였습니다.
저는 이 간극을 줄이기 위해 실시간 업데이트가 가능한 통합 기술 공유 플랫폼을 구축했습니다. 서울대 실습에서 얻은 실제 웨이퍼 산포 데이터와 설계 시뮬레이션의 기생 성분 수치를 하나의 시각화 차트로 정리하여 공유했습니다. 특히 배선 간격에 따른 불량 발생 확률과 성능 저하 지점을 수치화해 게시하였습니다.
이러한 정보 공유 덕분에 팀원들은 서로의 설계 마진을 실시간으로 확인하며 최적의 절충안을 찾기 시작했습니다. 결과적으로 협업 효율이 2배 이상 향상되었고, 목표했던 성능과 수율을 모두 만족하는 결과물을 도출했습니다. 하이닉스에서도 공유와 협업의 가치를 실천하며 유관 부서와 원활하게 소통하는 엔지니어가 되겠습니다."
SK하이닉스,2025 하반기,IT·전자,설계 (이천),,3. 도전적인 목표를 세우고 성취하기 위해 끈질기게 노 력한 경험에 대해 서술해 주세요.,"저전력 센서 인터페이스 설계 프로젝트 당시, 기존 대비 전력 소모를 20% 절감하겠다고 결심하였습니다. 하지만 저전압 동작 환경에서 트랜지스터들이 Saturation 영역을 벗어나 Gain이 급격히 떨어지는 기술적 한계에 부딪혔습니다.
주변에서는 전압 사양을 타협하라고 권유했지만, 저는 집요하게 해결책을 찾았습니다. 일주일간 관련 논문 20여 편을 분석하며 Body Bias 기술과 Multi-Threshold 공정을 적용하는 방안을 검토했습니다. 특히 소자 모델링 파일을 수천 번 수정하며 각 Corner 조건에서의 동작을 검증했습니다.
수많은 시행착오 끝에 Wide-swing Cascode 구조를 도입하여 저전압에서도 안정적인 동작 범위를 확보했고, 결과적으로 목표했던 20% 전력 절감과 성능 유지라는 두 마리 토끼를 잡았습니다. 이러한 끈기는 미세 공정화로 인해 설계 난도가 급증하는 하이닉스의 메모리 개발 현장에서 난제를 해결해나가겠습니다."
SK하이닉스,2025 하반기,IT·전자,설계 (이천),,"4. 지원자님은 어떤 사람인가요? 지원자님을 가장 잘 나타 낼 수 있는 해시태그(#)를 포함하여, 남들과는 다른 특별 한 가치관, 개성, 강점 등을 자유롭게 표현해주세요","# 성실함 빼면 시체 # 매일 달리는 러너
저는 목표를 향해 매일 5km를 달리는 러너입니다. 비가 오거나 컨디션이 좋지 않은 날에도 운동장으로 향하는 저의 성실함은 단순한 습관을 넘어, 엔지니어로서 가져야 할 가장 큰 무기인 원동력입니다.
이러한 성실함은 설계실에서도 그대로 이어집니다. 학부연구생 시절, 레이아웃 이후 발생한 오차를 해결하기 위해 일주일간 밤을 지새우며 배선 간의 기생 성분을 하나하나 역추적했습니다. 남들이 ""이 정도면 충분하다""고 말할 때, 저는 시뮬레이션과 실제 설계 간의 정합성을 3% 이내로 좁히기 위해 수천 번의 수정을 반복했습니다.
서울대 실습 현장에서도 마찬가지였습니다. 방진복 속에서 8시간 넘게 이어지는 공정 실습 동안 단 한 순간도 집중력을 잃지 않고 데이터를 기록했습니다. 매일 달리는 러닝처럼, 하이닉스에서도 멈추지 않고 성장하며 초격차 메모리 설계를 완성하는 완주자가 되겠습니다."
